9781569943670,odn0002238591,579CC423-09BF-4FB3-9609-C1F8FDBA8DC9
9781681416700,odn0002311278,73FE8E98-CB08-4682-ACDE-7ED1B99881E1
9781633798458,odn0002154472,245A99A9-C212-4718-9DC6-66BB5BA9AF4C
9781520049489,odn0003444673,05D5B7EB-26A7-47E7-B260-7720ECB0B864
9781682621356,odn0002589329,8C10E570-6925-4239-B588-409EA5AFC43D
9781629236902,odn0001746986,9EF0B5E2-B6E8-4827-AD65-162C50E77CAD
9781933724553,odn0004434046,3B390711-4D53-4C42-BE47-B8D495A3158D
9781338182866,odn0002481730,5ECAF7CE-BF46-42CE-B7CB-1572DA6DDE0E
9780545430135,odn0002481733,F21FC029-5CC5-4FFB-B2D1-D8211ED17FCF
9780545708906,odn0001486379,992AE736-6584-4AC2-A892-5E6CE9C56699
9780545708913,odn0001486381,144666F3-1F16-4D4B-AFDE-F75F58EF48F6
9780545767224,odn0002481748,18EDE4B2-2E43-4F27-B60A-E8064947B206
9780545767262,odn0002481751,F80521C8-ED6E-4976-A68E-A0A462E7B24F
9780545595124,odn0001486383,CDDAC85F-BDAF-4146-88A0-59B48B84EE3A
9780545430203,odn0002481757,7F9CD7E8-AAFD-4D5B-B17F-C16F0FC2CFB1
9780545570145,odn0002481759,4F5A55B4-018A-4E8C-9CF3-90CC92516991
9780545843768,odn0002481761,3AE8A247-5943-402D-9491-E75D3AF1D35B
9780545935555,odn0002481762,8899F4BB-ACB8-4EEB-8B64-F2C81F23E50F
9780545827102,odn0002481766,C892B6B1-1259-4704-B443-D972F2FD159B
9780545613682,odn0002481768,CED4649A-A5BC-4524-B93C-61C454F2F255
9780545560696,odn0001486397,14F8B218-74CE-40FD-9197-0C72DB7625D2
9780545709118,odn0001486399,A05AADD5-B578-4023-8895-520421DBE6C9
9780545709125,odn0001486400,32B47360-728B-4794-A80B-38B906904189
9780545751476,odn0002481797,81485376-2FA9-4E79-AC5B-B651D9E297D9
9780545569767,odn0002481799,4FF23BA3-A7A8-4EA5-BF20-9BF6C4599397
9780545430173,odn0002481809,9DE986FA-57F8-47FF-8E98-434A6FAA540F
9780545709224,odn0001486412,5125F3A9-3760-47C3-9D8B-58FBF64942EB
9780545660419,odn0002481822,BBCB5187-226F-4E79-92DB-1D8DA68A5DCF
9780545569354,odn0002481824,0C30E038-0251-40ED-B1BE-736C7EA3B646
9780545613699,odn0002481825,9A351713-9348-422C-BF82-DDC4C786E085
9780545843164,odn0002481828,8696665A-A54A-4DA6-98CA-1A8B70238E4D
9780545569781,odn0002481830,18A72EBB-C79C-47DD-9F34-94FCC92ECB06
9780545570084,odn0002482376,4FEDFE34-FD83-4AA6-95FA-67CA8F6BA994
9780545560795,odn0002481838,9B4A90F9-1083-4B41-8695-F06D5016E57A
9780545722285,odn0001486419,AAE67CC1-4BC2-4E76-9F40-3BF8E0CC70BD
9780545653497,odn0001531013,8D8B6514-7BBA-4D7C-9521-560AA4F5BCEC
9780545813112,odn0002482329,749E571E-899A-4F4F-A52E-5701B9F226C4
9780545654852,odn0002482331,FE7BCA05-14CD-42BD-9FCE-07BA1F0003CA
9780545613668,odn0002482381,860C44F4-E554-4168-A413-EFD53CD32917
9781338126297,odn0002482339,27644896-A312-4393-AE8C-EA57F5FAA5A0
9780545560481,odn0002482340,A0C7242A-8A1A-432A-B44D-C1B499604D67
9781338183283,odn0002482341,B833D08B-32F6-4B88-B26E-81974779DFA0
9780545426558,odn0002482382,4A8A538C-AE84-4DE5-858D-B1636B1A1CD2
9780545722452,odn0001486427,44147F44-979F-4617-A63C-E8B396F702F0
9780545613644,odn0002481724,DDC59BA9-73A1-4BF9-AFD1-B4276E6DCF02
9780545722568,odn0001486435,DEDD2C54-031D-46DC-9436-F7C19ED351C5
9780545530583,odn0001486450,98AD796E-F251-43CB-94C1-D7A46807B87B
9781338183689,odn0002482389,B2CA2B48-64F2-400E-9502-0C90DAFD5009
9780545560573,odn0002482390,885FAC16-DCC7-4220-A688-37D304EBBDF9
9780545751636,odn0002481726,4A6E5ECF-4A3F-49D6-A11E-D0813C2DCD66
9780545595339,odn0002482397,ADECE4E6-8736-404B-8A7C-0B34F6A91493
9780545722704,odn0001486462,0BE5B5EC-4385-4ADF-9E19-076BE8A1D754
9780545426527,odn0002482398,437A6CF0-E4C6-458A-95C2-AC0F30AE32B7
9780545708937,odn0001336694,3F13B661-933D-4513-903D-1797FC13E603
9780545722667,odn0001336698,B47B01C3-C55B-40AF-96B3-2D292D84BA9D
9780545560610,odn0000097301,82089157-39DD-496E-B13D-38EE56C29EED
9780545649490,odn0000097311,D4D538AC-53AB-43C5-833F-648AE0D99E90
9780545430197,odn0000097312,44FDF71F-60AA-481B-B085-73A7C8501893
079369132x,odn0000146823,11C1E369-D4F9-4785-9464-401C43C576F4
1415711100,odn0000146867,8D224F59-8F42-4CFE-9D54-7A9D0A2FF370
1415711097,odn0000146984,EB06A36D-2CE2-44DF-9CB3-B8C24C48FB0D
1415711098,odn0000146983,EA8C6D25-A480-4F0A-B5AC-227FA72A232F
1415711099,odn0000146982,37E63015-87B2-435E-B997-EE4C721A153F
0793691206,odn0000146786,D4EC883D-8863-4B55-BCE0-AD78FC010581
1415703140,odn0000146951,C40A0399-BEDB-4CF7-8B29-2CE4D362187E
