16B8E9E2-F5F7-4573-8200-A964FAAC0DBC,37,b185361687,505217323,OCoLC,n,d,ODN0000260666,n
0129E915-9AB4-46B5-9578-A0E1065DE764,37,b185361699,550571372,OCoLC,n,d,ODN0000260686,n
95418A6C-9214-4197-921F-DE510A896AB3,37,b185361705,550604870,OCoLC,n,d,ODN0000274158,n
762D526D-1E51-4A50-9584-5A343E28C2C9,37,b185361717,550604991,OCoLC,n,d,ODN0000274161,n
F2C34225-B694-409C-8873-B5F1AD7035C9,37,b185361730,550624984,OCoLC,n,d,ODN0000271183,n
F63D172A-D139-46A7-BF81-3F3725A891FF,37,b185361742,550625095,OCoLC,n,d,ODN0000283680,n
AB530621-474E-41F5-B82C-517FFEA5264E,37,b185361754,550635250,OCoLC,n,d,ODN0000284447,n
450A9A54-47FC-4302-B397-44D5D2375899,37,b185361766,550642774,OCoLC,n,d,ODN0000271196,n
76D6D724-3FAC-4180-90C0-E170433E17E8,37,b185361778,551118653,OCoLC,n,d,ODN0000271224,n
4ADC2516-4402-4046-A92E-111000D0C60C,37,b185361791,551127890,OCoLC,n,d,ODN0000264235,n
2D4082CC-32A5-4218-A333-274312E978DD,37,b185361808,551141449,OCoLC,n,d,ODN0000288293,n
9B4DD1F3-BF0A-4B61-9F69-0BB586959EB0,37,b185362102,609711116,OCoLC,n,d,ODN0000220182,n
4B758394-A032-424C-9D91-46CE35D3C8CA,37,b185362114,436941904,OCoLC,n,d,ODN0000205011,n
70B09D38-3FAB-4E7E-883B-45ABC11220AC,37,b185362126,609717378,OCoLC,n,d,ODN0000223013,n
87E9E40F-194D-4127-A6F4-3D1703D5A529,37,b185362138,437009212,OCoLC,n,d,ODN0000239694,n
7578FC48-708C-4512-9BC7-AA68D88FA131,37,b18536214x,437014647,OCoLC,n,d,ODN0000233594,n
8674CFBA-0DD2-427B-BD02-587250348983,37,b185362151,609873732,OCoLC,n,d,ODN0000144809,n
B713DF30-4411-441D-A05A-E7F2264DD4F8,37,b185362163,609883903,OCoLC,n,d,ODN0000197555,n
F33DA32E-8734-4477-A9C6-C9CC3C137009,37,b185362175,609884013,OCoLC,n,d,ODN0000220184,n
EC9FCDA2-7726-4D33-9F7D-A1C591389B2B,37,b185362187,609890347,OCoLC,n,d,ODN0000181719,n
6FFCFF37-2832-4105-AC65-C6B2975C9677,37,b185362229,450840955,OCoLC,n,d,ODN0000218644,n
EEAC2AEE-0FA6-462F-A967-68C665BDD15C,37,b185362254,461002282,OCoLC,n,d,ODN0000239712,n
DD16E18A-4FC7-4B5D-9FFD-51D1D5D624A1,37,b185362291,550568701,OCoLC,n,d,ODN0000292764,n
69347C2E-E6DA-4E0F-B877-58F0C52E9149,37,b185362370,181086033,OCoLC,n,d,ODN0000140806,n
F08E21BB-13DB-4162-A13A-44E50235BD3C,37,b185362412,276306784,OCoLC,n,d,ODN0000167186,n
2A063065-7E7E-481F-A8A5-5B15A0DC5E89,37,b185362473,444510604,OCoLC,n,d,ODN0000233584,n
CD383627-36DB-4B5A-8138-F11887787ECE,37,b185362552,465070301,OCoLC,n,d,ODN0000213552,n
3A06DA91-577B-484B-8102-ECF9A57200BA,37,b185362576,472613475,OCoLC,n,d,ODN0000266310,n
74D36738-FA36-496A-BB16-1C2BB59866F1,37,b18536259x,505957090,OCoLC,n,d,ODN0000268834,n
15B8F953-1C29-47A6-A53F-B8D6B1357C52,37,b185362734,550604792,OCoLC,n,d,ODN0000292774,n
55949825-5299-4182-B513-409D3D37C0DD,37,b185363143,456207697,OCoLC,n,d,ODN0000206102,n
6346EAF0-50B3-4B98-9FF2-6A458F8F60A6,37,b185363180,456244155,OCoLC,n,d,ODN0000206147,n
15583FB7-4030-4E79-91F5-DBF5EA181397,37,b185363209,456299339,OCoLC,n,d,ODN0000206065,n
B9069502-130F-49E8-8780-3C4DAD75FCD8,37,b185363210,462397763,OCoLC,n,d,ODN0000206106,n
F5D3EB90-7422-4032-809E-BF3F941D2ED0,37,b185363222,462763103,OCoLC,n,d,ODN0000206141,n
8FBDCC68-2474-4997-93E9-DFBC388F109C,37,b185363246,462774367,OCoLC,n,d,ODN0000206138,n
487DED95-D758-4F5A-885F-23117636B542,37,b185363258,462775498,OCoLC,n,d,ODN0000206144,n
83C827C3-5A6E-41B9-8985-88D452678A7D,37,b18536326x,465221448,OCoLC,n,d,ODN0000206118,n
5CD182C1-E015-4A1D-9987-FF798D07ABD1,37,b185363295,465223686,OCoLC,n,d,ODN0000206069,n
675B54A8-BA13-48BB-949B-57873010B1FB,37,b185363301,465223773,OCoLC,n,d,ODN0000206121,n
3B1053B1-DB74-470A-83FB-AD13D4E01952,37,b185363325,465403460,OCoLC,n,d,ODN0000206117,n
124EC1F2-4E24-4ABC-AD71-1F5A91960D7D,37,b185363337,472605865,OCoLC,n,d,ODN0000206077,n
5FF2F0DB-71E2-445C-A3D9-C3E6ACAA6DA7,37,b185363362,501326480,OCoLC,n,d,ODN0000206088,n
4FD9AF29-27CE-43F6-89E6-A58D2BB0731A,37,b185363489,608509073,OCoLC,n,d,ODN0000206128,n
FC70CD02-CE7B-4C25-AFE4-5F47CD1C1DEA,37,b185363623,182742111,OCoLC,n,d,ODN0000123841,n
4CC23EEF-BCE1-4003-B55B-09487AC5B396,37,b185363635,455328646,OCoLC,n,d,ODN0000197562,n
A877D70B-BB7A-42AE-9898-93C9318BD79C,37,b185363659,68481867,OCoLC,n,d,ODN0000085804,n
AA7529BA-2A41-4F5C-A169-6488F99FE975,37,b185363660,427639003,OCoLC,n,d,ODN0000195720,n
396AD067-31E5-438D-B451-A67166B4A149,37,b185364706,467921482,OCoLC,n,d,ODN0000257703,n
9985FCF0-5B59-4F32-A851-F3CA7B3B8BEF,37,b185374967,276356470,OCoLC,n,d,ODN0000164308,n
850A903C-B429-487B-B486-9D16A09C6520,37,b185375182,489725061,OCoLC,n,d,ODN0000271190,n
03F85E76-AB17-4BA7-99CC-4E38AA423F20,37,b185375194,491277164,OCoLC,n,d,ODN0000264232,n
CCC0A528-854C-4298-B725-ADBEFD5170DA,37,b185375248,502256473,OCoLC,n,d,ODN0000260699,n
21CB7C96-0A3F-4965-B76B-3C8C21B8A6C4,37,b18537525x,502256540,OCoLC,n,d,ODN0000257702,n
87C06F84-94FC-4AE9-9797-47D6E71C564C,37,b185375273,502262354,OCoLC,n,d,ODN0000255225,n
A84D8D8D-3B51-457C-8E6F-DB8757DCA537,37,b185375285,502262792,OCoLC,n,d,ODN0000264233,n
63F50E5E-A729-4903-B1C4-4BF32FE52793,37,b185375315,503003286,OCoLC,n,d,ODN0000260703,n
1E64B6DC-596F-4B6C-A3D5-E9F6702D1DAD,37,b185375327,503004128,OCoLC,n,d,ODN0000264234,n
2ABA8479-15C9-491C-9EC9-83BBE9AAACB2,37,b185375406,505946514,OCoLC,n,d,ODN0000287466,n
001B9DC6-60DC-427F-AC02-C2072388119F,37,b185375431,444597992,OCoLC,n,d,ODN0000218656,n
42E1BFF9-475A-4760-B914-C09ADB2CF7A9,37,b185375443,444782448,OCoLC,n,d,ODN0000223020,n
875E885E-D29C-4669-A513-F4355EBB96A2,37,b185375546,466111253,OCoLC,n,d,ODN0000249408,n
9F561D25-0D0C-4FC7-8FF2-EFD939B329CE,37,b18537556x,501828071,OCoLC,n,d,ODN0000255219,n
C352D2B1-BD1D-43D3-99EC-33BAE9C03EAE,37,b185780040,558466248,OCoLC,3,d,ODN0000293160,3
3E2322DF-8EF0-4C39-8711-6B65929A800C,37,b185780064,124508695,OCoLC,n,d,ODN0000121098,n
91FBCF07-4D69-40C5-9882-EE6741B5BB30,37,b185780143,265430784,OCoLC,n,d,ODN0000162415,n
881E9342-19A3-4026-BBFD-76766F264D1E,37,b185780246,456298640,OCoLC,n,d,ODN0000207385,n
7283BB39-EF3D-4243-9823-59055AFC947D,37,b185780258,456574586,OCoLC,n,d,ODN0000206070,n
968E7D38-DFCE-4202-90AC-47CACE8BB3F3,37,b185780271,460160676,OCoLC,n,d,ODN0000239706,n
EC7A6E83-909A-46B1-B8D9-AE9DFEBB659B,37,b185780283,460171914,OCoLC,n,d,ODN0000181721,n
BAA8078C-1FAE-4CFE-AA07-3CC324D8BAFD,37,b185780301,461033575,OCoLC,n,d,ODN0000242963,n
4AC25B2C-BBAB-4206-9F47-752FB5B5AD0C,37,b185780416,57406910,OCoLC,n,d,ODN0000058606,n
F582171D-B8B9-483B-90A1-B5D731F00E25,37,b185780465,71755041,OCoLC,n,d,ODN0000095784,n
CDACAC3F-AE06-4084-97F0-9D2B6AD53582,37,b185780489,166254452,OCoLC,n,d,ODN0000116276,n
215CF039-7957-41E8-9A92-48AB8A7E81F0,37,b185780647,574719935,OCoLC,n,d,ODN0000271173,n
DE753B1B-F0F2-49B5-A0DC-E312D0AEE646,37,b185780817,611945902,OCoLC,n,d,ODN0000289380,n
6072E590-1CE6-4622-985C-901862997A08,37,b185780970,637070225,OCoLC,n,d,ODN0000284429,n
335E2260-30DE-45E7-B9BF-21886A7C0CF4,37,b185781184,641556181,OCoLC,n,d,ODN0000289385,n
017B8E1E-6015-4BC5-A55E-70891446C8AB,37,b185781196,641611583,OCoLC,n,d,ODN0000284440,n
4F6A2590-C6BE-49B9-8AEA-93EDA80D6714,37,b185781202,641643364,OCoLC,n,d,ODN0000245686,n
6A9E5D6B-5782-41AA-98CC-A6A79C8027C8,37,b185781214,641672616,OCoLC,n,d,ODN0000304212,n
C3DC0F2D-B743-486F-BB1D-E28D086069E9,37,b185781226,642018952,OCoLC,n,d,ODN0000292786,n
7A18EEAF-1A94-4B33-8168-10AB35F36747,37,b185781238,642039377,OCoLC,n,d,ODN0000271210,n
9F2CA02D-C905-41AD-B6DE-7A656AA070EA,37,b18578124x,642040492,OCoLC,n,d,ODN0000303068,n
31DAEE48-485A-4B3E-83DF-FF6FEE0A46A1,37,b185781251,642041396,OCoLC,n,d,ODN0000303069,n
E070507A-204E-416C-8A96-A35A966AFAFA,37,b185781263,642044440,OCoLC,n,d,ODN0000292812,n
E247DF4D-4771-4CC3-82D1-0857C891E70A,37,b185781275,642326311,OCoLC,n,d,ODN0000198739,n
93A2BB60-95B6-4C8E-9B76-AEE3D56A3CC0,37,b185781287,642331801,OCoLC,n,d,ODN0000303071,n
1936A606-6C0D-4CD0-AD2E-33BF3B34D874,37,b185781299,642695530,OCoLC,n,d,ODN0000289394,n
1A5BB5B6-1B50-4AAA-B979-67BE2033C523,37,b185781305,642695552,OCoLC,n,d,ODN0000271213,n
B1C357F7-9786-4608-9998-B934D20C53B4,37,b185781317,642698387,OCoLC,n,d,ODN0000271195,n
78A6D01F-EA89-4945-82D4-1907A5CA77AD,37,b185781329,642714442,OCoLC,n,d,ODN0000303074,n
8AB72D23-04EC-4036-B6D6-5C946372B475,37,b185781330,642856131,OCoLC,n,d,ODN0000289399,n
097CABF5-9116-4DE1-B9E0-34B4C7E35F53,37,b185781342,642865707,OCoLC,n,d,ODN0000284473,n
400296D2-771E-4B83-9714-14C0F418B967,37,b185781354,642891907,OCoLC,n,d,ODN0000284474,n
6B268576-2552-46B1-8E56-DD54D6E6B583,37,b185781470,646191474,OCoLC,n,d,ODN0000306249,n
68D78508-D83A-4C36-854A-7B5C81E659AA,37,b185817403,233830976,OCoLC,n,d,ODN0000158717,n
7CBA0A6D-4DA0-4DAB-B92A-037E64077AA9,37,b185817415,243705733,OCoLC,n,d,ODN0000167204,n
C3C2F440-A199-4A7A-AB9E-179A2E837709,37,b185817427,265688515,OCoLC,n,d,ODN0000175206,n
090A350E-E7DD-473B-8985-3914B09315C2,37,b185817439,270950809,OCoLC,n,d,ODN0000172265,n
BF39AE25-F4F8-4D26-84FF-6ECA98931645,37,b185817440,276360211,OCoLC,n,d,ODN0000165905,n
B66B022E-C5ED-4253-8FA6-3BFD6EBAFFDB,37,b185817452,316854306,OCoLC,n,d,ODN0000213118,n
61C2ECB9-82CB-400A-B246-54EF1B267309,37,b185817464,441875003,OCoLC,n,d,ODN0000218664,n
C22BB326-BAFF-4BAA-9DC7-FFF54B9F727B,37,b185817476,443441987,OCoLC,n,d,ODN0000240731,n
C6EAF1E2-47B6-4998-A18D-BC911A73EB01,37,b185817488,444510458,OCoLC,n,d,ODN0000195716,n
B74CFB67-8DF0-4D72-B290-FBF942B617A8,37,b18581749x,444602539,OCoLC,n,d,ODN0000223019,n
DFBA9E05-A647-439B-B7BD-54DA6CFF6478,37,b185817506,444602553,OCoLC,n,d,ODN0000195717,n
BCBE90A7-BD31-4D4D-8528-F53116A14F75,37,b185817518,444653240,OCoLC,n,d,ODN0000205034,n
7D6EAE81-3267-4436-BA84-0767268C88CE,37,b18581752x,444683194,OCoLC,n,d,ODN0000233595,n
A7DA0527-F1D3-4424-A252-385D2E56BC0C,37,b185817531,444831144,OCoLC,n,d,ODN0000233590,n
24E3327E-DD5E-4725-93CF-60F4CB9CFD8D,37,b185817543,449102917,OCoLC,n,d,ODN0000223016,n
94B20A83-3F33-465F-AA87-FC54604C7104,37,b185817555,449187304,OCoLC,n,d,ODN0000242947,n
38027EA1-7D24-42E3-A52F-0A5A5515D19D,37,b185817567,450763301,OCoLC,n,d,ODN0000185470,n
A5B56A7B-4A86-4893-BF53-F6FF6FADEFA0,37,b185817579,450763304,OCoLC,n,d,ODN0000185471,n
10258276-A6A4-4E41-952F-E6F594CCC87F,37,b185817580,450842410,OCoLC,n,d,ODN0000172259,n
BE2BF5CD-C63C-4768-B7C3-78C99607DFF2,37,b185817592,455328630,OCoLC,n,d,ODN0000205027,n
C62CB9F8-DFB2-4FF8-8DBC-AB6E0655EDE9,37,b185817609,455360268,OCoLC,n,d,ODN0000185475,n
C4328991-0F7A-4C3D-BDF7-52933B255893,37,b185817610,455473005,OCoLC,n,d,ODN0000213111,n
EA15DECD-3AAD-47CE-A61D-B64DDB56AA7D,37,b185817622,460160650,OCoLC,n,d,ODN0000233580,n
00D726E5-A485-4BE2-A86B-019D6AD480D1,37,b185817634,460160682,OCoLC,n,d,ODN0000239707,n
AC0E20EB-87DF-4EC8-BD1D-A4146FECEC82,37,b185817646,460170352,OCoLC,n,d,ODN0000239701,n
D56AC076-60AF-43E1-86A0-C57D9F50312E,37,b185817658,460170658,OCoLC,n,d,ODN0000239704,n
F915B9B3-7ADA-46F0-BAA4-2591A85E379C,37,b18581766x,460171183,OCoLC,n,d,ODN0000239723,n
FCADE5D9-FA2F-468A-BDC1-8BA5C4A16C1D,37,b185817671,461002365,OCoLC,n,d,ODN0000233589,n
69F7A2CB-8EEE-4AD6-9D45-FA05CC5DD6E8,37,b185817683,461002382,OCoLC,n,d,ODN0000242943,n
E6748CE2-C11A-431C-85E0-D6039C18AF61,37,b185817695,461003716,OCoLC,n,d,ODN0000242932,n
A46DD10C-8E68-44C7-BA49-CF797B6141D9,37,b185817701,461026417,OCoLC,n,d,ODN0000242935,n
02A5DF6E-F524-4273-B133-9C9D77E139AF,37,b185817713,461027108,OCoLC,n,d,ODN0000233587,n
9A707AE8-7C6E-40AD-B08F-C143CCDEF9B8,37,b185817725,461033659,OCoLC,n,d,ODN0000233596,n
5475CA77-4A80-4B55-864A-E24C3EDAE157,37,b185817737,462090608,OCoLC,n,d,ODN0000208136,n
D4E9D78D-7503-4556-BBBD-9945B2511E34,37,b185817749,462133858,OCoLC,n,d,ODN0000223022,n
C8C3E5F6-DA5C-4957-A533-28721DB2A45D,37,b185817750,462136349,OCoLC,n,d,ODN0000205041,n
01B53030-D701-488B-AD64-CC6F21079C89,37,b185817762,462814107,OCoLC,n,d,ODN0000195726,n
12E34DD1-2AA2-4056-9C0C-85574908B45E,37,b185817774,466390282,OCoLC,n,d,ODN0000260700,n
211ACDF2-FE15-4446-917E-51A84F96CA57,37,b185817786,466736484,OCoLC,n,d,ODN0000181735,n
BA3F4FA5-B545-4A58-9112-14915E0B0BA6,37,b185817798,502274101,OCoLC,n,d,ODN0000239735,n
63BE6DA2-05CB-40CA-82E9-7E2DEF116A62,37,b185817804,550571346,OCoLC,n,d,ODN0000284430,n
D19955B8-7DC3-4745-8037-7786919E096E,37,b185817816,550571443,OCoLC,n,d,ODN0000292768,n
F04AA79B-D181-4EA5-AF8F-EFD694941048,37,b185817828,551073303,OCoLC,n,d,ODN0000260706,n
4D493AF1-9469-4115-928F-9F7DB36FC69D,37,b18581783x,609877682,OCoLC,n,d,ODN0000197554,n
F84C024D-C36B-4942-8EEB-7E8D9CB2C4C1,37,b185817841,641553260,OCoLC,n,d,ODN0000303066,n
CCA40BBA-22F5-4EE4-B454-C8621E5F76FA,37,b185817853,641634413,OCoLC,n,d,ODN0000292779,n
1E5F3EEB-5D54-4AFC-AA5C-37C492B983AA,37,b185817865,641643376,OCoLC,n,d,ODN0000292782,n
D9E2760B-00AA-4AA7-8FE2-D4249C4F2DA7,37,b185817877,642047343,OCoLC,n,d,ODN0000289393,n
965E6508-2E3A-45F1-89EC-A7CAE76DF08D,37,b185817889,642326271,OCoLC,n,d,ODN0000292758,n
77A0ABB5-17C2-41D5-96A9-69DA0A93E04B,37,b185817890,642326353,OCoLC,n,d,ODN0000292792,n
CFCE87EE-DFC3-4997-BA41-2B2BF3560CED,37,b185817907,642698976,OCoLC,n,d,ODN0000303064,n
6E3DE386-E6EA-4F68-BA17-C596462D6908,37,b185817919,642700771,OCoLC,n,d,ODN0000284457,n
A9D4999E-C4C4-460B-A28C-791EB4597CCF,37,b185817920,642712658,OCoLC,n,d,ODN0000284460,n
A71081CF-282F-4A12-ADCE-421615364139,37,b185817932,642877569,OCoLC,n,d,ODN0000271184,n
346EB35F-2E68-4B08-AD90-623447ED2A9C,37,b185817944,642882835,OCoLC,n,d,ODN0000292821,n
EE2D0B59-701D-43BF-B753-A43905A67096,37,b185817956,642890322,OCoLC,n,d,ODN0000271226,n
4A42DB25-B998-49C6-8BED-8197A87E21B5,37,b186275717,173692040,OCoLC,n,d,ODN0000137092,n
D764511F-86A8-4713-805A-330CF97031A9,37,b186275754,454405757,OCoLC,n,d,ODN0000213438,n
C5608E05-2AEB-442D-839B-7EDFFEBA3A47,37,b186276588,495796514,OCoLC,3,d,ODN0000253249,3
F7872B36-44D3-43F0-AFBC-A9DBEBFB45B5,37,b18627659x,495828847,OCoLC,3,d,ODN0000253205,3
5B8561A1-AC58-43CD-983E-FFC694B10732,37,b186276606,495846771,OCoLC,3,d,ODN0000253210,3
84F8FC08-6A17-4F56-821F-BF34DECA85B8,37,b186276618,495846828,OCoLC,3,d,ODN0000253192,3
693247D4-4959-4CE4-9E28-7266C0A16BE0,37,b18627662x,495848484,OCoLC,3,d,ODN0000253229,3
5F5E319D-2948-48EB-83CD-A2CD03AC5101,37,b186276850,505302367,OCoLC,3,d,ODN0000253255,3
BAA13F10-7121-4123-B189-80761792CD24,37,b186276862,505442417,OCoLC,3,d,ODN0000253237,3
8A37BB3E-78C4-4638-B4B1-D961A9713292,37,b18627693x,551681668,OCoLC,3,d,ODN0000253193,3
2B87BA3D-F5A1-4511-9CCA-A93F62A248AC,37,b186276941,556044587,OCoLC,3,d,ODN0000253243,3
C1A4320E-B112-4E7F-BED0-D7D2DC04A0CE,37,b186276953,560547847,OCoLC,3,d,ODN0000253202,3
ABBB5381-EA09-4598-9B5A-A585C4A874E3,37,b186276965,560564751,OCoLC,3,d,ODN0000253201,3
51CF3A8E-3ABB-4365-A654-73AC6666C7F6,37,b186276977,645061035,OCoLC,3,d,ODN0000253246,3
E7985E7F-CCB3-4217-8688-12BD5A01D594,37,b187550499,655269469,OCoLC,n,d,ODN0000304182,n
F1ADB64D-4F6D-4AED-8F74-46D5AB2FB310,37,b187550529,658201723,OCoLC,n,d,ODN0000304190,n
2906C80F-2A87-404F-B78A-3C6B45C7CE43,37,b187550554,658201726,OCoLC,n,d,ODN0000311142,n
535EF364-A369-4036-8026-AE6073E2221F,37,b187550591,658204932,OCoLC,n,d,ODN0000311125,n
DF32A4DF-196C-45E9-84A1-526A9C510172,37,b187550645,658204936,OCoLC,n,d,ODN0000292783,n
8CF9374C-2DC1-49D2-81B4-AAB0B8E7F8F4,37,b187550669,658204942,OCoLC,n,d,ODN0000292820,n
27C41087-BE5E-4038-8324-3D7021D091DD,37,b187550724,663990812,OCoLC,n,d,ODN0000316776,n
A5119E77-1DDD-4160-9A65-5398CA7DAA65,37,b187550748,663990814,OCoLC,n,d,ODN0000316777,n
FD1F6D88-6B5F-41E4-97F7-ACFAB70D4A41,37,b187550840,663991750,OCoLC,n,d,ODN0000339455,n
2F54E655-7FD0-4918-9AFE-F6548A4F59E0,37,b187550906,663991820,OCoLC,n,d,ODN0000303061,n
6C08A381-E9FE-42AD-B608-D79A33498C9C,37,b187550943,663991844,OCoLC,n,d,ODN0000316794,n
EEB033A3-35F9-4F1C-935B-A94ADD9E5C61,37,b187550967,663991854,OCoLC,n,d,ODN0000316803,n
73D30716-4814-4BC2-8E91-5651A6CC40F5,37,b187551042,663992373,OCoLC,n,d,ODN0000316786,n
4E6BB6BF-0BC2-404B-967F-E7885A04A17E,37,b18755108x,663992670,OCoLC,n,d,ODN0000304184,n
195764B3-C967-4E34-9F2D-350E71D9C26E,37,b187551091,666823226,OCoLC,n,d,ODN0000330541,n
1C97130B-710F-4B5B-BB35-CAA3804A4145,37,b187551212,666857875,OCoLC,n,d,ODN0000330542,n
C41EF1B8-3212-4863-BCCA-42F9184ABB5D,37,b187551261,669856544,OCoLC,n,d,ODN0000330539,n
3DEF2F24-10AB-411E-A2DE-579A7D5253DF,37,b187551340,672008357,OCoLC,n,d,ODN0000355264,n
5B6012FB-5597-4ADA-8116-506A398963CE,37,b18755139x,672009098,OCoLC,n,d,ODN0000333144,n
24ACE4A7-1282-4F8A-8835-BD32CAE1FB24,37,b187551479,679527142,OCoLC,n,d,ODN0000333464,n
BC58F37A-6844-4640-9DD1-081EE629732B,37,b187551534,679527586,OCoLC,n,d,ODN0000333505,n
947BED96-CD68-45FE-AF21-25DB99457B4A,37,b187551583,679528066,OCoLC,n,d,ODN0000333500,n
B0EBAA84-C561-47BE-8446-D7B66E21D13F,37,b187551947,682887270,OCoLC,n,d,ODN0000304221,n
C6490621-3888-4A91-B850-B23739E212D0,37,b187551959,682887314,OCoLC,n,d,ODN0000333493,n
243C7761-A255-48A2-80D7-5D9D9EBCB7A5,37,b18755237x,682887595,OCoLC,n,d,ODN0000320763,n
9C5BC429-78AD-4AAC-B3E3-A61A59CC8F77,37,b187552393,682887656,OCoLC,n,d,ODN0000304207,n
6235D2FE-E805-49D9-A566-CE9F11FD23F5,37,b18755240x,682887686,OCoLC,n,d,ODN0000348599,n
47F991F8-2284-4D7F-8E7E-72590D576ECF,37,b187552629,682887949,OCoLC,n,d,ODN0000304172,n
6F5B9791-3824-423B-9866-9D3212D47281,37,b187552654,682888000,OCoLC,n,d,ODN0000320736,n
51502888-F328-4791-8B1B-7E1CC5815510,37,b187552782,682907294,OCoLC,n,d,ODN0000450811,n
EDB55045-EFE6-42EE-A699-62136D266014,37,b187552794,682907306,OCoLC,n,d,ODN0000339481,n
9175923E-9002-4A6B-91D1-BCD5B099FC89,37,b187552800,682907314,OCoLC,n,d,ODN0000348567,n
D73632F7-7540-4893-8443-DA352D58F8DF,37,b187552964,682910604,OCoLC,n,d,ODN0000348587,n
EC9DD045-129A-45D0-B64B-B5F437822D22,37,b187552976,682910608,OCoLC,n,d,ODN0000333472,n
47783860-84A8-46D8-B8BA-A3BEEC1E3D0E,37,b187576373,682887253,OCoLC,n,d,ODN0000320746,n
871E8792-5576-4DC3-ADF5-B255B451A251,37,b187576683,443350533,OCoLC,n,d,ODN0000197583,n
E91BD991-0819-471E-88D2-966BD2453ED2,37,b187576725,456209605,OCoLC,n,d,ODN0000206107,n
ECE7F8A7-4483-458E-AF8B-41DD840C9A49,37,b187576804,462397762,OCoLC,n,d,ODN0000206103,n
919F7EBE-2D6D-4D56-91FA-609F949FD5D9,37,b187576841,472633349,OCoLC,n,d,ODN0000206126,n
E43D2B4F-6C8C-42AA-B8E6-97CE392AB980,37,b187576877,503003313,OCoLC,n,d,ODN0000260704,n
2684E08C-843E-496F-AB8E-91409F3BE84C,37,b18757716x,682910046,OCoLC,n,d,ODN0000352516,n
F87C830D-6246-4166-8D15-88603E848A1D,37,b187577183,682910184,OCoLC,n,d,ODN0000344253,n
DB00EB95-FAD2-45BC-9463-36DBEB6E85F1,37,b187577341,454406054,OCoLC,n,d,ODN0000209486,n
0CE2B327-1970-4B8B-B540-2559D7A157C8,37,b187577456,466082898,OCoLC,n,d,ODN0000257704,n
2686552C-DDF1-451A-ADA7-04A5D9063CCC,37,b18757747x,489237107,OCoLC,n,d,ODN0000245352,n
405A7D5A-1AA7-4F11-B10F-9BEF9BE7EA15,37,b187577547,641691515,OCoLC,n,d,ODN0000308426,n
A09ED7F6-121A-4C21-A68D-EAC034F095BF,37,b187577699,682887320,OCoLC,n,d,ODN0000353772,n
5D022BD5-A0EA-4181-B203-32D24410E72B,37,b187577729,682907276,OCoLC,n,d,ODN0000339451,n
4520C6F6-E483-49BB-B4EB-0913FA1D3C0A,37,b187577730,682910554,OCoLC,n,d,ODN0000353780,n
6A22C7E3-B347-4639-8A39-AC7B8F3BB2D4,37,b187582208,660187848,OCoLC,n,d,ODN0000316774,n
DAC42EE7-56E9-498C-A347-9546D02C582F,37,b18758221x,663990837,OCoLC,n,d,ODN0000311133,n
60A3F96C-2F1E-427B-A070-B77E7C9F843E,37,b187582233,666857721,OCoLC,n,d,ODN0000311128,n
2D50E28C-A2CA-47CF-81C0-68AC2EA853C9,37,b187582257,682887241,OCoLC,n,d,ODN0000352528,n
FB481B74-615E-487D-A4E4-850A94C49EC3,37,b187582269,682887295,OCoLC,n,d,ODN0000320737,n
AF206E67-4C55-4EC8-B750-1F83EE83EE07,37,b187582270,682887329,OCoLC,n,d,ODN0000316783,n
37AD37F4-3640-44C8-8D8E-3A49DCA6C59F,37,b187582282,682887648,OCoLC,n,d,ODN0000311140,n
6EE7EB16-C6AD-425E-812E-0A49FEDBEA53,37,b187582294,682887685,OCoLC,n,d,ODN0000311123,n
F02C03D1-AA63-4278-85F6-F3033FD5B478,37,b187582300,682887973,OCoLC,n,d,ODN0000335909,n
AFC4DAA0-585D-4C81-8FFF-E43DAFCFDB74,37,b187582385,682910576,OCoLC,n,d,ODN0000333467,n
6C17B032-25F3-46ED-B20B-151155E03DED,37,b188010099,501824618,OCoLC,n,d,ODN0000271175,n
F4502C7F-78D5-4A4C-A5D9-0C5F4D995B81,37,b188010646,458625010,OCoLC,n,d,ODN0000213539,n
5C8D6AF7-B4F8-4779-B36C-292B39A3A895,37,b188010683,663991877,OCoLC,n,d,ODN0000348605,n
69029BBF-4E85-4E42-8658-9D63739BD4AA,37,b188010695,682887998,OCoLC,n,d,ODN0000339493,n
B89E509D-111A-464A-9E1C-FF7643B0ABFF,37,b18889214x,662737497,OCoLC,3,d,ODN0000312841,3
45FB9AC9-AC3C-44E5-BAB5-6219E4C452D5,37,b188892217,696022669,OCoLC,n,d,ODN0000339494,n
3F1C9D87-6136-4167-9FC1-5E1B7BC1E58E,37,b18889228x,696023238,OCoLC,n,d,ODN0000333461,n
E2373B04-EDE3-4C92-95F3-23977C829685,37,b188892308,696023304,OCoLC,n,d,ODN0000353782,n
A46B3758-2A0D-47B8-897E-86EBE08DE41A,37,b18889231x,696023321,OCoLC,n,d,ODN0000304183,n
3783EE64-D925-4749-8F4A-4602FF35CB3B,37,b188892394,698371647,OCoLC,n,d,ODN0000359409,n
B45CE899-4989-43DA-ADCF-3696FE888D89,37,b188892412,698371662,OCoLC,n,d,ODN0000355254,n
7FA08631-96BC-4549-851D-36AA7F861DD9,37,b188892436,698371664,OCoLC,n,d,ODN0000348603,n
E65DB37A-FDD8-4D45-9CB0-C511976DE21B,37,b188892746,698375970,OCoLC,n,d,ODN0000348570,n
78C62053-3A74-48ED-8218-189CED8BDFFB,37,b188894445,454423572,OCoLC,n,d,ODN0000252251,n
ECC78992-C8F7-4A33-A68B-045D5C479637,37,b188894457,456080273,OCoLC,n,d,ODN0000238836,n
57FF45AF-31B4-41C5-A5BB-782BE0FAD867,37,b188894470,456209748,OCoLC,n,d,ODN0000238874,n
CB44530F-D48C-4E67-9352-AD717E27355E,37,b188894494,457922808,OCoLC,n,d,ODN0000238871,n
D2FD4B86-7DC2-485C-84C4-239B80C4D724,37,b18889455x,698372649,OCoLC,n,d,ODN0000453474,n
3ABEEBD3-C214-45F2-B58D-2E16007CAB4D,37,b188894561,698372656,OCoLC,n,d,ODN0000450831,n
C43C3A2C-32AB-4809-B2A4-2A1AC93FD90F,37,b188894676,265378829,OCoLC,n,d,ODN0000158721,n
8B01DF23-B976-459D-9F9D-DA859C4FE84F,37,b18889486x,703871612,OCoLC,n,d,ODN0000353080,n
FC8F7228-CCAA-440A-8B4E-0290DCBA12F6,37,b188894871,702161411,OCoLC,n,d,ODN0000333452,n
65B6DFEF-838A-4B5E-9AFD-F8DFC73F55F9,37,b188894901,702686566,OCoLC,n,d,ODN0000450820,n
55B68622-07BC-4066-80D6-06C483C034F4,37,b188894962,702690035,OCoLC,n,d,ODN0000355231,n
74DF4343-2EDA-4D7E-A66A-5F0D3328CF26,37,b188894998,702690053,OCoLC,n,d,ODN0000359411,n
BB6ED726-9902-4BA0-9227-81CB221FE9D9,37,b188895024,702929782,OCoLC,n,d,ODN0000456576,n
AA4A0DA2-0AFE-4148-B8BF-F4179B109029,37,b188895048,702931763,OCoLC,n,d,ODN0000348579,n
4A94BD88-A88F-472D-99B9-986420AF094C,37,b188895061,702932334,OCoLC,n,d,ODN0000311148,n
ACA02FC1-5410-4B37-AF2A-0A23C2DB7295,37,b192711635,688618512,OCoLC,n,d,ODN0000470584,n
EBF5472A-EB21-4306-827A-4409E046CDC4,37,b192711738,696792397,OCoLC,n,d,ODN0000353787,n
6EA7CF88-94BB-487E-91CF-B1C557A54C5D,37,b192711787,697855307,OCoLC,n,d,ODN0000359410,n
705751AC-B2AD-4AC8-830B-0CFCD4C513F2,37,b192711830,701053960,OCoLC,n,d,ODN0000344247,n
9FC09B8C-D015-44F3-AED4-36D0EA103173,37,b192711854,701103594,OCoLC,n,d,ODN0000354354,n
4A19BA78-0296-4B68-B756-4134301EB2DB,37,b192711970,701366893,OCoLC,n,d,ODN0000353775,n
CAAD4CEE-2E5B-4805-B248-7A84B8DBA7CC,37,b192712056,701730980,OCoLC,n,d,ODN0000304216,n
12C33B71-2971-4692-8669-E6574DB101A9,37,b192712147,703599260,OCoLC,n,d,ODN0000348079,n
02EE4C48-3365-401A-BE63-AA8B0AEB6478,37,b192712378,265689478,OCoLC,n,d,ODN0000167205,n
B33D7349-AF55-4868-AE4F-31CF90A900EA,37,b19271238x,460938343,OCoLC,n,d,ODN0000220418,n
D65E8393-77C0-45A3-927F-5D4422A8030B,37,b192712391,462123228,OCoLC,n,d,ODN0000220212,n
5B0B146D-B5C9-4AC6-8F32-E025E6376ACB,37,b19271241x,612013407,OCoLC,n,d,ODN0000291901,n
F3DF20B0-8FB4-4B83-9492-60403C2A656B,37,b192712433,682910245,OCoLC,n,d,ODN0000198738,n
1BBA79AA-CC15-4E13-A754-63B0C24A6643,37,b192712457,702689634,OCoLC,n,d,ODN0000355292,n
461CF859-4DDF-415A-B4AB-7AB85E0CC6E5,37,b192712500,709922964,OCoLC,n,d,ODN0000478599,n
F7F53426-F9D7-40B5-AC34-F51AD4C54D6F,37,b192712512,75636693,OCoLC,n,d,ODN0000095761,n
43439B49-AB6B-47DC-BDF3-303A895C158C,37,b192712536,230828373,OCoLC,n,d,ODN0000164310,n
1618BE68-5890-4FD3-B8ED-95DA88E85762,37,b192712676,642044460,OCoLC,n,d,ODN0000303062,n
7A5B9A06-CD06-46B3-B30A-719FA41AD71C,37,b192712809,709918967,OCoLC,n,d,ODN0000478621,n
78DA3CAC-278E-40A8-9D03-0A7C28DCC186,37,b192713000,711682891,OCoLC,n,d,ODN0000333495,n
D306C86C-950A-4BBD-A081-1D06CE9BE081,37,b192713024,711684825,OCoLC,n,d,ODN0000483004,n
DECA1C3A-D4EC-4A33-8549-191693DA0DBC,37,b192713462,263091453,OCoLC,n,d,ODN0000165880,n
059B6054-CBE6-4EC5-8A06-3FA058A2FF9C,37,b192713577,456967448,OCoLC,n,d,ODN0000221688,n
A0F60708-D27E-4DCA-83F2-709610A825AF,37,b192713619,462933400,OCoLC,n,d,ODN0000238846,n
131E15C9-E796-4D75-99A1-E60ADEEA8FBB,37,b192713620,466108855,OCoLC,n,d,ODN0000242923,n
0F986023-F2CF-4F3B-AD36-CCC9F14F2F17,37,b192713644,502263856,OCoLC,n,d,ODN0000225412,n
9EEB8FDC-D430-428C-880B-3E3089CE9766,37,b192713656,505968829,OCoLC,n,d,ODN0000260514,n
94845CE9-A92D-49F4-A094-E7175A9E9199,37,b192713735,641293064,OCoLC,n,d,ODN0000289377,n
37725088-1C40-4B94-8E62-9047D779BBB9,37,b192713747,641293392,OCoLC,n,d,ODN0000292823,n
427D2DE2-8A2B-40E9-A420-044D75DB6BAA,37,b192713759,641300455,OCoLC,n,d,ODN0000317101,n
CF0C18AD-747C-46CA-86A3-5BD6ABA60AFE,37,b192713760,642042939,OCoLC,n,d,ODN0000284451,n
898C66A2-0076-498B-8E99-4A744CAEBF42,37,b192713838,663992717,OCoLC,n,d,ODN0000304170,n
AFEC33F9-E263-42F7-A0DC-E25F76D3E338,37,b19271384x,682887332,OCoLC,n,d,ODN0000320759,n
A8B4B339-D211-4F8B-9D05-08BB325861D1,37,b192713851,682887615,OCoLC,n,d,ODN0000320766,n
700A4BB3-DE1F-41A0-8540-58AEAC4119C4,37,b192713875,682907280,OCoLC,n,d,ODN0000339456,n
47CDEEC5-FD6C-4FED-BD78-9C2FE11D83DB,37,b192713887,682910574,OCoLC,n,d,ODN0000339486,n
CEABA1FF-F477-4C66-9724-B1B5F2C2168F,37,b192713930,702685731,OCoLC,n,d,ODN0000355232,n
291E52B3-D3BE-46ED-A646-87E1DE2E4779,37,b192713942,703871350,OCoLC,n,d,ODN0000478648,n
90D3524E-9C2A-43B6-80C3-BE1FD7853F5B,37,b192713978,708578235,OCoLC,n,d,ODN0000478615,n
342D9C3E-0040-460E-814B-7EB0F1D52C97,37,b19271398x,708579878,OCoLC,n,d,ODN0000489879,n
F537AFF0-044A-46D1-BF8C-7537B2801238,37,b192713991,708579886,OCoLC,n,d,ODN0000478656,n
AA83A008-6361-4ACE-B1F9-A74EE2F94AEF,37,b19271403x,77527050,OCoLC,n,d,ODN0000095777,n
8BAD10C8-B0A6-482F-84BD-6FE8D085177A,37,b192714041,77528371,OCoLC,n,d,ODN0000095867,n
B54B22D3-D7F8-4367-8F1B-A1430D7DCEAA,37,b192714120,739692553,OCoLC,n,d,ODN0000335906,n
581F3423-979B-45D7-9B76-9043369974E8,37,b192714132,739696499,OCoLC,n,d,ODN0000095755,n
2A57C0DC-1617-4E7F-9A01-DD8E28C6B900,37,b192714296,739733886,OCoLC,n,d,ODN0000389428,n
F4FAE362-7EC4-4F08-834A-80BA5185931C,37,b192714545,744415921,OCoLC,n,d,ODN0000354408,n
98951200-7A6A-4379-9456-06BF384A3D72,37,b192714612,745475635,OCoLC,n,d,ODN0000354392,n
C44F5BA4-7726-476D-A2EA-C4E778AEF18E,37,b192714624,745476621,OCoLC,n,d,ODN0000233550,n
CB0F61CC-EFD4-4626-A651-4FAEDFA0C861,37,b192714703,212878241,OCoLC,n,d,ODN0000149870,n
36E60978-ACE2-4371-994E-706E3F216174,37,b19271479x,456209633,OCoLC,n,d,ODN0000206135,n
13203390-45D4-45DE-8F6E-B1F46AF693BC,37,b192714818,456232178,OCoLC,n,d,ODN0000206101,n
740C083E-BA7F-4BBA-B197-939F1882B92C,37,b19271482x,456457346,OCoLC,n,d,ODN0000180373,n
9D411052-4BFC-4FA1-BA31-71B969E42B5F,37,b192715719,733544146,OCoLC,3,d,ODN0000391687,3
868B5A59-EB36-4A3E-81BA-E12321066940,37,b192715720,733553629,OCoLC,3,d,ODN0000391683,3
695B0074-D950-4E0B-A7DD-ACF2DD8BB602,37,b192715732,501200700,OCoLC,3,d,ODN0000253230,3
75BC0D0B-B710-4A2F-A14A-93B17DC80D4A,37,b193217156,748262792,OCoLC,3,d,ODN0000349835,3
260A1A98-B76E-468A-9ECE-BE5E5B078383,37,b193218525,747037715,OCoLC,n,d,ODN0000330535,n
53D75EC4-17C6-403E-AE20-57A22176FDBB,37,b193218549,747039817,OCoLC,n,d,ODN0000333494,n
C46A90CC-183E-4DB7-BF90-7B3DAE09488E,37,b193218550,747040394,OCoLC,n,d,ODN0000333490,n
BDE8941F-D1DD-4A5A-9049-DDE23705DB66,37,b193218562,747041874,OCoLC,n,d,ODN0000311136,n
F58CBF35-7929-4102-9A3D-B12C17BB8FB6,37,b193218628,748280220,OCoLC,n,d,ODN0000354423,n
F86DB13A-5029-4759-9EF6-0F53EA8F57A4,37,b19325458x,462117675,OCoLC,n,d,ODN0000224772,n
8895CAD2-0F7B-400B-8462-4B37A4FF891E,37,b193254670,501819059,OCoLC,n,d,ODN0000206089,n
00DFC465-CA02-454E-A2D9-6B8C586C33E7,37,b193254803,682887624,OCoLC,n,d,ODN0000304189,n
022D779F-378B-4852-B09A-D63025A280BD,37,b193254852,688134837,OCoLC,n,d,ODN0000353781,n
246C4648-139B-465A-9681-DD1E7FE7FE77,37,b19325492x,702935822,OCoLC,n,d,ODN0000456573,n
900DACC6-9AC5-4BAA-983A-BABBFB6F20C8,37,b193254943,702943672,OCoLC,n,d,ODN0000450803,n
9F1A7C55-9C61-45FA-A780-C00F156C0B15,37,b193254967,703866072,OCoLC,n,d,ODN0000450810,n
EA949254-AE47-4498-B3DF-710C4F27AD1E,37,b193254979,703866082,OCoLC,n,d,ODN0000478624,n
FA3480ED-0622-4B0B-96AF-6C019EF27E96,37,b193254980,703871309,OCoLC,n,d,ODN0000478564,n
BC724BDF-8C77-4BB2-8559-A1464B1DAFE9,37,b193255029,708578239,OCoLC,n,d,ODN0000489882,n
A0ECB93D-2BC3-41D3-91EF-E4DE0451F538,37,b193255054,709917231,OCoLC,n,d,ODN0000478595,n
20337A71-8C0B-457C-8A2A-1BE766DBE387,37,b193255066,709922292,OCoLC,n,d,ODN0000478657,n
CD16A6FC-DDC5-461D-AF8F-476C91D2A9B3,37,b193255108,739692580,OCoLC,n,d,ODN0000345845,n
77FF0211-EFD5-489A-88CF-C64068F239B7,37,b193767053,748541535,OCoLC,n,d,ODN0000331372,n
A5750F7C-37F1-4DC8-807F-0DDF7BF8E936,37,b19376734x,753562730,OCoLC,n,d,ODN0000354409,n
72CD0553-E563-4E0F-A864-61CB9A1D4178,37,b193767363,753563726,OCoLC,n,d,ODN0000354404,n
2DFCC691-C4E5-4352-9241-483F9AB5C95D,37,b193767910,754871379,OCoLC,n,d,ODN0000354391,n
B9913B6B-6E36-4CD7-97EA-C2E275069B46,37,b19376829x,752137547,OCoLC,3,d,ODN0000323419,3
2BE03E3F-E09F-4216-AB98-E8C288BB5C63,37,b193828960,758673817,OCoLC,n,d,ODN0000206105,n
B6079393-D505-4334-BBF6-174989184041,37,b193837274,757330978,OCoLC,3,d,ODN0000339828,3
0BFEFDC0-A8EE-4B1F-8702-DCA310601C91,37,b193837286,757338313,OCoLC,3,d,ODN0000339832,3
87733169-B3D9-4EB2-9EFD-7C4DA1746475,37,b193837298,757519248,OCoLC,3,d,ODN0000339882,3
06571435-AE16-473C-AC2C-241B1E3D6D35,37,b193837304,757519670,OCoLC,3,d,ODN0000339883,3
0B550FA1-3275-40AA-92A0-63D4E2FB7B45,37,b193837316,757733708,OCoLC,3,d,ODN0000339948,3
2EF3D07E-4702-4FE5-9AEF-80C40842BABD,37,b193837328,757836027,OCoLC,3,d,ODN0000339997,3
85EAE536-AFFF-4F64-A136-5D6E4522BE72,37,b19383733x,758338879,OCoLC,3,d,ODN0000340677,3
540DA909-C3EF-4DA9-ABAF-C777D71B3080,37,b193837341,758346340,OCoLC,3,d,ODN0000340679,3
D8CAA925-FC93-4C5F-A2F8-F4EB8AFF6816,37,b193837353,758361040,OCoLC,3,d,ODN0000340054,3
F22A32A7-16C9-4EB3-A1E2-D5F555EECE26,37,b193837365,759117262,OCoLC,3,d,ODN0000340570,3
3ED20A75-F553-4C51-803C-895FCE328709,37,b193837377,759408115,OCoLC,3,d,ODN0000340786,3
F20E3DD0-2769-4753-BBBA-32F2ABACA0DA,37,b194722363,225870279,OCoLC,n,d,ODN0000112915,n
7B6CE1D5-81D5-42C7-8A71-4577A97F0C75,37,b194722399,682888014,OCoLC,n,d,ODN0000304195,n
96F9AEA5-8644-4B59-AFF8-B41609C406AA,37,b195379172,126818767,OCoLC,n,d,ODN0000126087,n
025364D3-F1C9-4D25-A89E-B2980F27E8CC,37,b195899209,778716539,OCoLC,n,d,ODN0000572068,n
3C48C932-E507-49BA-AD02-581B194DC273,37,b195899210,778720931,OCoLC,n,d,ODN0000589474,n
0007EF35-B0AD-41A8-96CD-C1395706A8F4,37,b195899222,778721258,OCoLC,n,d,ODN0000572040,n
10642055-B338-4A25-9EC7-6251F096C8FE,37,b195899234,778804037,OCoLC,n,d,ODN0000572004,n
B827E370-161D-440E-81E5-C83C1E4EC628,37,b195944781,781966113,OCoLC,n,d,ODN0000562046,n
A4ECADEB-5BF1-43E1-8F2E-BD71538596E6,37,b195944793,781966556,OCoLC,n,d,ODN0000562045,n
D9AD94F3-1E33-4F45-8D76-EE1586A676F0,37,b196019217,785137361,OCoLC,n,d,ODN0000589514,n
B173FDE4-1B41-4928-8695-773B97AABE5B,37,b196019230,785229184,OCoLC,n,d,ODN0000530522,n
0768F5F1-AB1C-48AA-839F-FFE58CFB91A8,37,b196019242,785430803,OCoLC,n,d,ODN0000605037,n
9C1901FA-7405-443F-A557-86DFE805DEE9,37,b196132253,700946090,OCoLC,n,d,ODN0000316798,n
B178CEEE-CE62-48C0-9EDF-BF85320EC089,37,b196293194,711758247,OCoLC,n,d,ODN0000504894,n
0FB1FC1C-CC65-4225-8905-9C53160A3D38,37,b196293340,714645574,OCoLC,n,d,ODN0000547791,n
527807DD-DB78-45A6-B6A3-1FAEEB41B7FE,37,b196295622,759992271,OCoLC,n,d,ODN0000572096,n
21330F78-19DB-4DB3-9797-354124824AAA,37,b19629566x,760197573,OCoLC,n,d,ODN0000602678,n
BEBC862C-3A87-4EE0-9311-7416456F318D,37,b196295671,760307292,OCoLC,n,d,ODN0000602874,n
DF528442-5BC1-46B3-BC30-4FF8BD493812,37,b196295683,760308794,OCoLC,n,d,ODN0000602620,n
56E96D59-93E6-4EC2-8FBD-CE443A23F07C,37,b196295695,760314121,OCoLC,n,d,ODN0000627805,n
ED1BEB48-7196-4CC3-A688-9BC9729D3033,37,b196295804,761052621,OCoLC,n,d,ODN0000627751,n
72CDAF3E-8512-4363-8777-D551B22ACFAE,37,b196295816,761074406,OCoLC,n,d,ODN0000627767,n
CBC62FB3-C14A-46D5-A1F9-07E8F03A41DD,37,b196295828,761209719,OCoLC,n,d,ODN0000627730,n
051E0A97-9EA7-49D3-AFC2-8F598235E755,37,b196295920,764478681,OCoLC,n,d,ODN0000530382,n
BA426102-B1C0-455C-890C-55315486D492,37,b196295944,764605577,OCoLC,n,d,ODN0000658895,n
B650476D-9363-4D99-B14A-AA8274682526,37,b196296225,768130984,OCoLC,n,d,ODN0000636451,n
7CE6DC6A-FF2D-4D63-A174-0536BCB2A0F8,37,b196296766,774394988,OCoLC,n,d,ODN0000572091,n
363EA61F-CEB6-461D-BBE1-6074501441CC,37,b196297369,792741608,OCoLC,n,d,ODN0000600545,n
D47B47A8-9349-4F4C-9ACE-5A6ED4A04BE1,37,b196483852,601774998,OCoLC,n,d,ODN0000224797,n
6C48423C-1BCD-4BC8-B4DE-2B1E986FC425,37,b196514319,225865431,OCoLC,n,d,ODN0000144899,n
FE67B0F4-ECD1-4E1E-8321-44DCFBCAA177,37,b196514332,444747751,OCoLC,n,d,ODN0000162417,n
E796ED37-7259-490B-BBF0-E7C1FD79CD2E,37,b196514381,794232280,OCoLC,n,d,ODN0000148780,n
3D0E43BE-AF6D-4214-B6CD-E1D4CCDA91EC,37,b19651440x,794675202,OCoLC,n,d,ODN0000594891,n
955119BB-ADA0-407B-958E-0CA76C21EA31,37,b196514459,70826815,OCoLC,3,d,ODN0000097309,3
8194B8A1-93B7-4CF8-B48B-FBE6FE677401,37,b196514460,70826823,OCoLC,3,d,ODN0000097308,3
C720B291-F71C-48E8-AB60-CE6ECB06E45F,37,b196514472,71196755,OCoLC,3,d,ODN0000097310,3
1698F9C1-18A5-4AEC-AD9D-0B63A250998C,37,b196514484,71196777,OCoLC,3,d,ODN0000097299,3
07382C6D-0853-4858-8486-5C6D2C98574B,37,b196514514,71196869,OCoLC,3,d,ODN0000097300,3
98641DCD-7772-4AE6-A209-C9E78F3F2D1F,37,b19651454x,71196927,OCoLC,3,d,ODN0000097307,3
90125BA8-3023-48E7-83FB-72F421E0FDF3,37,b196514551,72597476,OCoLC,3,d,ODN0000084917,3
9BB2A235-41AF-439E-A42F-FA4D037360DB,37,b196701004,741959960,OCoLC,n,d,ODN0000348597,n
F5692F3F-FF80-4939-B5C4-CA06224498AA,37,b196768883,758671218,OCoLC,n,d,ODN0000347502,n
1B12C276-31CC-41EC-81A6-7068EE0F71FA,37,b197155972,760896934,OCoLC,n,d,ODN0000509301,n
0ED21379-6D6E-41E7-A752-42974C256F97,37,b197338240,814061944,OCoLC,n,d,ODN0001041159,n
3902C051-3A6E-4F83-AD01-02D7BA687327,37,b19788961x,825077311,OCoLC,n,d,ODN0001143028,n
1492E62A-C474-406E-A0D5-45A08BEB1145,37,b197980168,724116362,OCoLC,n,d,ODN0000504920,n
44FD2326-63E0-4332-A89E-4FD9FFD785CC,37,b197981318,824752340,OCoLC,n,d,ODN0001211239,n
95738041-BB59-4D99-8457-700BB1534E89,37,b197981331,824761229,OCoLC,n,d,ODN0001211262,n
C2379BA3-4F03-44FC-9C15-D6D3DB1858B2,37,b197981343,824761246,OCoLC,n,d,ODN0001211297,n
C7DB2D99-1A77-4221-81B8-1FEE90FE6046,37,b197981355,824761329,OCoLC,n,d,ODN0001211285,n
2DE16270-BC0B-4B1B-AB40-82F48EDA5567,37,b197981367,824761336,OCoLC,n,d,ODN0001211256,n
E70D10A4-C661-4414-9378-33A47D7DEA9E,37,b197981379,824761346,OCoLC,n,d,ODN0001211288,n
D18A5CB8-3186-4CD3-A694-30889A52423F,37,b197981380,824761371,OCoLC,n,d,ODN0001211309,n
339ECFF7-671B-46A2-A308-7968D303CF12,37,b19798146x,827336125,OCoLC,n,d,ODN0001211870,n
3E83CF92-36E5-4A28-A2FB-2B793E5DCC1E,37,b198782986,451276596,OCoLC,n,d,ODN0000249810,n
4A883561-495D-456D-80D5-E81BA528A9F1,37,b19942651x,852416240,OCoLC,n,d,ODN0001344961,n
25AC2B55-3384-4AC6-AF0B-ABCB05CC566D,37,b199426533,852417206,OCoLC,n,d,ODN0001344927,n
99D9463A-2645-419E-B8F7-994FA51A7AC5,37,b199569332,368139888,OCoLC,n,d,ODN0000161655,n
12581D2A-545A-402F-91E5-7C96DE9C0613,37,b199569393,455486737,OCoLC,n,d,ODN0000205359,n
5B7F3004-76C9-4EB6-81DC-F10152FCE31D,37,b199569551,551073297,OCoLC,n,d,ODN0000249801,n
D512C2DA-FA1B-4ADC-843A-E5B2949E5BD1,37,b199569587,613211624,OCoLC,n,d,ODN0000209500,n
1555F592-EA07-4A66-8E8E-5830AB522D68,37,b199569617,650335995,OCoLC,n,d,ODN0000224873,n
1C5C2F13-4413-426B-9A14-EE9776E3483A,37,b199569873,748282818,OCoLC,n,d,ODN0000213098,n
57BB269D-E654-492C-B1DC-94CE0D5DA3AC,37,b199569885,748365749,OCoLC,n,d,ODN0000347549,n
EC89BC93-105C-4F5B-8757-22674E6E0B3F,37,b199569897,748555206,OCoLC,n,d,ODN0000240918,n
070D9320-858A-4DA9-AACD-4B47AC1B8093,37,b199569939,761323651,OCoLC,n,d,ODN0000637974,n
86975FF5-CD3C-4693-9AF8-14D6550F4A31,37,b199624379,852964152,OCoLC,n,d,ODN0001350433,n
88687ACF-0F5B-4201-A2EE-8F3C7209803C,37,b199734501,459772610,OCoLC,n,d,ODN0000209531,n
703F53B6-7C7F-42FF-881B-959954301B0C,37,b199734537,794672631,OCoLC,n,d,ODN0000588548,n
F850350C-8A41-4A6E-8C81-2ADEA455520E,37,b199814971,852416443,OCoLC,n,d,ODN0001344938,n
0913AEB3-9F8F-4006-9543-EE65EC7AD239,37,b199815057,852964109,OCoLC,n,d,ODN0001350451,n
3C9FF274-00FE-49F2-B47F-7F5D6733B6A1,37,b199815343,855045354,OCoLC,n,d,ODN0001383358,n
5CBD347A-87FF-4C1E-9E4A-D0039F7DE053,37,b199815677,857544220,OCoLC,n,d,ODN0001383355,n
6DA7BD26-E9D8-4C1F-8BFB-0AE31AF38518,37,b199816086,857851341,OCoLC,n,d,ODN0001386140,n
6CEC71C4-04EB-4773-B84C-E7F8B898AC65,37,b199816232,858448073,OCoLC,n,d,ODN0001407719,n
D58A40B9-68B1-4FE3-ACEF-ACF5045076BA,37,b199850549,858282453,OCoLC,n,d,ODN0001407717,n
4273EA28-26EB-4474-867A-BD3659969C23,37,b199850550,858283616,OCoLC,n,d,ODN0001407622,n
2A81863B-41E6-4B3D-B1F5-4F87107E44C0,37,b199894048,703871255,OCoLC,n,d,ODN0000504621,n
D6EE2392-6578-4D1B-936D-5935D4359670,37,b199894267,754851714,OCoLC,n,d,ODN0000481910,n
5379E464-D334-450F-A477-64760270020C,37,b19995222x,858282754,OCoLC,n,d,ODN0001407245,n
40AD7121-8E30-4A1C-AE13-5D3B7BFA777C,37,b199952231,858282827,OCoLC,n,d,ODN0001407562,n
0BF9E0B4-2784-4F85-BB86-75F2774DB515,37,b199952243,858810684,OCoLC,n,d,ODN0001402438,n
87F923C7-C20A-4D94-B55F-C96884D42F98,37,b199952371,858283626,OCoLC,n,d,ODN0001407619,n
9FFAA7E4-9647-4BFD-B650-D81F9A0148F2,37,b200095882,711861573,OCoLC,n,d,ODN0000504624,n
78F7FA77-F8BE-49BA-8B8E-53968759DABD,37,b200095912,778903115,OCoLC,n,d,ODN0000224872,n
7B3C37C1-B51D-435C-B2B6-5F8977026CEE,37,b200095948,710823011,OCoLC,n,d,ODN0000504645,n
3DF340F0-B1D7-444C-9E4B-2322BDD66360,37,b200150868,858915218,OCoLC,n,d,ODN0001350409,n
FF0FE668-9E7E-4DB3-B603-DA6384A87BBE,37,b200555522,230936993,OCoLC,n,d,ODN0000151389,n
ED816F8E-C457-4F9F-B11E-96616EAC1D77,37,b200555698,230937689,OCoLC,n,d,ODN0000151388,n
2E8303A8-A488-4F37-A8AD-8E52743D99F0,37,b200606864,864681464,OCoLC,n,d,ODN0001486553,n
AC3A4268-D66A-422C-85B7-FB101D0544FA,37,b200610776,869542344,OCoLC,n,d,ODN0001537596,n
56A17AED-1A9A-4C84-8F43-BD7AE9F2E9A4,37,b200612992,844352227,OCoLC,n,d,ODN0001554191,n
635E18CA-67EB-4014-A1A0-74E6663716E1,37,b200613029,843767511,OCoLC,n,d,ODN0001554204,n
66267732-CE2D-4765-86EE-0401B883D892,37,b201370931,461032480,OCoLC,n,d,ODN0000265521,n
75ADE9FC-98F8-4BB9-A4A7-779FEFDC9D58,37,b201370967,489128996,OCoLC,n,d,ODN0000265629,n
0DD4B614-4084-4F49-89BE-7CBFD3F47596,37,b202787205,843899463,OCoLC,n,d,ODN0001554196,n
7D99329C-291D-4833-B627-502B103B3A68,37,b202787369,830040642,OCoLC,n,d,ODN0001223694,n
1A0A5352-7762-4600-B660-1E708A5E98CE,37,b20288045x,862235395,OCoLC,n,d,ODN0001472369,n
049934BD-6F5D-4638-B9F3-530BCEF6CA63,37,b205050256,890204264,OCoLC,n,d,ODN0001931400,n
4CDEC902-1819-40C0-96E5-CB4C697B8647,37,b205050785,893906918,OCoLC,n,d,ODN0001957255,n
55752A5B-27C4-481B-A0BB-7EAFE6D01736,37,b205050852,890404249,OCoLC,n,d,ODN0001957236,n
BC06ABEB-8EB3-433E-902C-271F068CDBCF,37,b205051820,894249006,OCoLC,n,d,ODN0002007410,n
BE460D30-FC31-4D84-9E88-7AD0FB8DE5B2,37,b205051832,894249000,OCoLC,n,d,ODN0002007415,n
E729CAD2-6A08-4819-A3F4-6634DC614030,37,b205052228,890404536,OCoLC,n,d,ODN0001957250,n
8E842CAF-3661-4A36-9CF3-02785F5C3100,37,b205088442,891948841,OCoLC,n,d,ODN0001931394,n
0D2AC454-DBB9-44B3-B5DC-BBA0D0621295,37,b20523866x,892720879,OCoLC,n,d,ODN0001973782,n
