DCC2CEC9-F436-420D-B19B-92F182AABF89,37,b207825002,656958087,OCoLC,z,d,ODN0000316643,z,True,True,,2,2,False
E3E55F69-BE58-42AD-9D1C-F4D93D72A4C5,37,b188893416,698361945,OCoLC,z,d,ODN0000506859,z,True,True,,3,4,False
03BC1368-6E16-49ED-A875-4E99C898E1D3,37,b19272227x,708581903,OCoLC,z,d,ODN0000534760,z,False,True,,0,1,False
EE95BA9A-EE9C-4D1C-A4F5-2212760B023F,37,b193241845,137336578,OCoLC,z,d,ODN0000123786,z,True,True,,1,1,False
B6DF18B3-B58F-4F56-9C8E-2E724DD9CAF7,37,b193787726,271653554,OCoLC,z,d,ODN0000194089,z,True,True,,1,1,False
3E46FBE1-6FFB-4EFD-BBA0-3F67D8ED9F13,37,b193832045,759581040,OCoLC,z,d,ODN0000523349,z,False,True,,0,1,False
A0D24F3F-32C2-47C7-BD8B-15F47CEE1240,37,b194779646,432643638,OCoLC,z,d,ODN0000226045,z,True,True,,1,1,False
F423B8A7-C8AC-46B7-965C-2125D2E0DA18,37,b194779658,432661017,OCoLC,z,d,ODN0000208026,z,True,True,,1,2,False
F3349510-AFBD-45F9-9F20-7A932F6C8317,37,b194781276,698471752,OCoLC,z,d,ODN0000218207,z,True,True,,1,2,False
E08F1820-5546-41F0-AD72-148281B77DB1,37,b194783327,767886343,OCoLC,z,d,ODN0000523434,z,True,True,,2,2,False
DEA8123B-7874-4A97-BFD9-891362F3F8E4,37,b195290008,773581651,OCoLC,z,d,ODN0000569805,z,False,True,,0,1,False
AD631B82-3DF8-4A0E-82F8-8EE5D82C663B,37,b195864700,163803660,OCoLC,z,d,ODN0000132412,z,True,True,,1,1,False
F5E0570E-863E-4BCE-A81D-39B1139CC924,37,b196003878,752540353,OCoLC,z,d,ODN0000505429,z,True,True,True,,,False
C02F9972-631D-483C-A0A3-D6359534851D,37,b196003891,752542311,OCoLC,z,d,ODN0000505428,z,True,True,True,,,False
367A0C8E-AEB9-4A8D-AE43-FA029FE45DBC,37,b196003908,757392170,OCoLC,z,d,ODN0000505431,z,True,True,True,,,False
3C6A3E47-BFB2-48F0-9848-A3CD29FAA907,37,b196020463,785574908,OCoLC,z,d,ODN0000644915,z,True,True,,1,1,False
F174F7C9-B11F-494D-A9D5-4B5F5ABFBFBB,37,b196022320,782045968,OCoLC,z,d,ODN0000639538,z,True,True,,2,2,False
F94DFE2F-51AD-416C-A468-1ECD9F1274BB,37,b20782597x,793236196,OCoLC,z,d,ODN0000645089,z,True,True,,6,6,False
C75E8CDE-2C8A-46DC-AF49-A24EE3D8D632,37,b207825919,793230206,OCoLC,z,d,ODN0000645074,z,True,True,,8,8,False
E5B58D25-1811-409B-83A6-5C27C0EDF7D2,37,b196488527,785573938,OCoLC,z,d,ODN0000767922,z,True,True,,1,1,False
2F980E59-370D-40C7-8BD2-9A413B75B76F,37,b19648876x,785575112,OCoLC,z,d,ODN0000657841,z,False,True,,0,1,False
D2971F1D-B6F4-45D1-A17D-4830E8F05F79,37,b196543551,781277493,OCoLC,z,d,ODN0000786578,z,True,True,True,,,False
15D23E56-06D5-4745-94AA-0D7BBD220379,37,b196546710,794170176,OCoLC,z,d,ODN0000681340,z,True,True,,1,1,False
EF7DBAAF-D100-4786-B54F-51CE31CEFE3E,37,b196549164,795331199,OCoLC,z,d,ODN0000786403,z,True,True,True,,,False
117BCFC0-453D-40AD-8C3A-BDDA43EC59D3,37,b196549176,795331339,OCoLC,z,d,ODN0000784443,z,True,True,True,,,False
3C38C58B-B218-4E6C-8725-FE4894B22BD9,37,b196549188,795331367,OCoLC,z,d,ODN0000786407,z,True,True,True,,,False
8DDB56EC-40F4-424D-A277-2F0EEB5E1D40,37,b196549206,795333085,OCoLC,z,d,ODN0000784441,z,True,True,True,,,False
9CEF0031-E602-4BF3-ABFA-5DBDC462FCED,37,b196549218,795353237,OCoLC,z,d,ODN0000797151,z,True,True,True,,,False
406C2D0C-B185-43A2-BE1D-C824EE475A26,37,b19654922x,795353631,OCoLC,z,d,ODN0000784910,z,True,True,True,,,False
6C13825A-68C4-4392-BB44-455BACDB2A44,37,b196549231,795354196,OCoLC,z,d,ODN0000786412,z,True,True,True,,,False
1DD6C567-F326-40F1-8C69-DE83A08EE00E,37,b196549243,795354399,OCoLC,z,d,ODN0000786714,z,True,True,True,,,False
EACE26BF-B86C-43E5-A7EE-CE73B05DA214,37,b196549255,795359191,OCoLC,z,d,ODN0000784912,z,True,True,True,,,False
70798EA5-54F5-42CA-8544-DE2F0A48E335,37,b196549279,795362139,OCoLC,z,d,ODN0000786716,z,True,True,True,,,False
6C803F36-2537-4A34-B84C-633CA4CBC6A0,37,b196549292,795362459,OCoLC,z,d,ODN0000786475,z,True,True,True,,,False
8D04A535-821E-4E4A-A3F5-411292EEA51C,37,b196549309,795362478,OCoLC,z,d,ODN0000784921,z,True,True,True,,,False
B5BF0D9E-B2FB-4887-8DA0-ABC6D770AA26,37,b196549310,795365975,OCoLC,z,d,ODN0000786720,z,True,True,True,,,False
DEAFDC5D-DC54-421D-8228-10EAF4D2C1B2,37,b196549322,795366028,OCoLC,z,d,ODN0000784483,z,True,True,True,,,False
09E0D4D5-54FA-4D2D-AEEF-5511E09E6F93,37,b196549334,795366082,OCoLC,z,d,ODN0000786418,z,True,True,True,,,False
8453C0F8-12C3-479E-AED9-17779EC09EDB,37,b196549346,795366939,OCoLC,z,d,ODN0000784924,z,True,True,True,,,False
7325F1AB-A24F-4248-AC4F-9A58DD46C959,37,b196549371,795369524,OCoLC,z,d,ODN0000786425,z,True,True,True,,,False
8016E78F-DD38-4965-A9F7-0A220C6FEB78,37,b196549395,795369631,OCoLC,z,d,ODN0000784492,z,True,True,True,,,False
84182F58-DDC8-448E-B17E-7CE037CBDACB,37,b196549413,795372953,OCoLC,z,d,ODN0000784486,z,True,True,True,,,False
576D40C9-978A-4AF1-AED5-807ECE8B11DB,37,b196549425,795373900,OCoLC,z,d,ODN0000786726,z,True,True,True,,,False
DD8CFB4B-CA17-47FC-BA86-A4E7CDA5BBC2,37,b196549437,795382337,OCoLC,z,d,ODN0000797154,z,True,True,True,,,False
372F4FC9-FA05-41C0-84FB-EAC2D1C131E3,37,b196549449,795382382,OCoLC,z,d,ODN0000784929,z,True,True,True,,,False
2B68CC71-DEAF-4277-8E39-6F3F424908AE,37,b196549462,795382689,OCoLC,z,d,ODN0000784957,z,True,True,True,,,False
4609F644-3EB4-478C-AF3A-2B069976188F,37,b196549486,795383242,OCoLC,z,d,ODN0000784497,z,True,True,True,,,False
B5775D70-335D-4CD0-96B7-669EB504B7E6,37,b196549498,795383420,OCoLC,z,d,ODN0000786431,z,True,True,True,,,False
60AFE498-FED4-4527-A041-1A10C105A649,37,b196549504,795395096,OCoLC,z,d,ODN0000786481,z,True,True,True,,,False
071C5A28-E864-4947-9E22-1B3A887201E6,37,b196549528,795400170,OCoLC,z,d,ODN0000797164,z,True,True,True,,,False
CF2F70E3-B022-42C7-88C9-3856B18C5C0D,37,b19654953x,795401834,OCoLC,z,d,ODN0000784602,z,True,True,True,,,False
8ED4676E-5670-44F6-88E2-B4981B68173F,37,b196549541,795472445,OCoLC,z,d,ODN0000784964,z,True,True,True,,,False
976F063C-AF97-432A-93A9-4AD010ED78F0,37,b19655004x,795250475,OCoLC,z,d,ODN0000784906,z,True,True,True,,,False
403553DB-6288-42FF-B90A-BD1AD4A6FDA7,37,b196550051,795251454,OCoLC,z,d,ODN0000784437,z,True,True,True,,,False
A1F01A73-963A-412A-BD6A-A4F961F3F03B,37,b196550063,795331171,OCoLC,z,d,ODN0000784439,z,True,True,True,,,False
45D7D5B5-CB54-4F9B-BE8C-11FB584E1590,37,b196550075,795350903,OCoLC,z,d,ODN0000786404,z,True,True,True,,,False
BEF5B79A-1116-4522-8C60-769FC1153578,37,b196550087,795353300,OCoLC,z,d,ODN0000784342,z,True,True,True,,,False
B7C398C1-66E6-427B-BC9F-E12BD27F2E59,37,b196550129,795353965,OCoLC,z,d,ODN0000786705,z,True,True,True,,,False
6A501F7D-5E03-40D5-9DE6-6B3C8B9FC07D,37,b196550130,795354022,OCoLC,z,d,ODN0000784452,z,True,True,True,,,False
13D11CB0-F488-405E-8254-EBD848D928F2,37,b196550142,795354083,OCoLC,z,d,ODN0000786411,z,True,True,True,,,False
9589F137-4208-4BEC-83DF-893E13110622,37,b196550166,795354320,OCoLC,z,d,ODN0000786713,z,True,True,True,,,False
C685D516-6D24-4ABD-B7B0-E5371369DD99,37,b196550178,795357663,OCoLC,z,d,ODN0000784455,z,True,True,True,,,False
2E6810ED-F5D6-46C9-9481-1F5889DB9AB8,37,b19655018x,795359987,OCoLC,z,d,ODN0000784919,z,True,True,True,,,False
B97ED8EC-5198-4751-990F-2EA460CE1F96,37,b196550191,795360083,OCoLC,z,d,ODN0000784920,z,True,True,True,,,False
0D2A61C2-C561-4244-9A6C-229A2F523D74,37,b196550208,795362204,OCoLC,z,d,ODN0000784343,z,True,True,True,,,False
73286D01-8AA2-45AE-A365-F0B75838392C,37,b19655021x,795365942,OCoLC,z,d,ODN0000786416,z,True,True,True,,,False
9B8808BD-C733-4A0C-8761-2EC2A7E14831,37,b196550221,795365996,OCoLC,z,d,ODN0000784473,z,True,True,True,,,False
6E4A3DE4-E531-4412-8715-9652E098E73B,37,b196550257,795368439,OCoLC,z,d,ODN0000786724,z,True,True,True,,,False
4AC9457C-2BAC-49DC-A0A0-5DAF7F74796B,37,b196550269,795368690,OCoLC,z,d,ODN0000786300,z,True,True,True,,,False
F66FFDDA-B154-462D-A93C-DA3712B7A29F,37,b196550270,795368813,OCoLC,z,d,ODN0000786728,z,True,True,True,,,False
3210C360-526C-4DD6-9781-CC4966839131,37,b196550312,795383543,OCoLC,z,d,ODN0000786732,z,True,True,True,,,False
674EE30E-B59A-4214-9D2E-AABC5D3B6614,37,b196550324,795383642,OCoLC,z,d,ODN0000784595,z,True,True,True,,,False
EA3B3BC3-EC9D-49E4-AB7C-F6BD72595BEC,37,b196550336,795391310,OCoLC,z,d,ODN0000786734,z,True,True,True,,,False
9D5B927B-0BD5-48E8-9295-EC81F0B938DA,37,b196550348,795393848,OCoLC,z,d,ODN0000784509,z,True,True,True,,,False
0F9B6D3C-366F-4E46-81C5-E0872E395FB7,37,b196550361,795395892,OCoLC,z,d,ODN0000784600,z,True,True,True,,,False
A83726DB-DD4A-411C-ACD3-24CFBB2DC19C,37,b196550385,795470433,OCoLC,z,d,ODN0000784606,z,True,True,True,,,False
6DBCBD79-AAFB-4FE5-BE00-E5BDA68CDF96,37,b196550397,795472193,OCoLC,z,d,ODN0000784959,z,True,True,True,,,False
CD417B93-2E8A-456D-8D93-66AB1118DC56,37,b196550403,795472272,OCoLC,z,d,ODN0000786484,z,True,True,True,,,False
941D9A3A-5CB5-40E7-80EF-60EEEF733C40,37,b196550415,795472494,OCoLC,z,d,ODN0000784966,z,True,True,True,,,False
58F56FA9-429A-4E72-B39D-AA631D40067A,37,b196550427,795497958,OCoLC,z,d,ODN0000786486,z,True,True,True,,,False
077912F0-2EA2-4846-9C70-6274C48F57BB,37,b196550439,795498043,OCoLC,z,d,ODN0000786819,z,True,True,True,,,False
BB605C17-9476-4849-8F47-C32273A6A432,37,b196550440,795498068,OCoLC,z,d,ODN0000797203,z,True,True,True,,,False
051D343F-F42C-43AF-B066-3CD9C1427B98,37,b196550452,795498364,OCoLC,z,d,ODN0000784887,z,True,True,True,,,False
792F66A2-85F1-4E15-AA5C-5FE14B2E1892,37,b196550464,795498376,OCoLC,z,d,ODN0000848981,z,True,True,True,,,False
7C87FF9C-6599-4914-8726-160C920AE3EC,37,b196550476,795498378,OCoLC,z,d,ODN0000784409,z,True,True,True,,,False
9A7A7826-8FA7-4D80-8637-FA29475B86B5,37,b196550488,795498383,OCoLC,z,d,ODN0000786382,z,True,True,True,,,False
7B293F23-1C34-434C-8369-50959CDD6955,37,b19655049x,795498414,OCoLC,z,d,ODN0000786690,z,True,True,True,,,False
0179EC4F-480B-49EA-B96A-D66815C343FB,37,b196550506,795502566,OCoLC,z,d,ODN0000786367,z,True,True,True,,,False
2AA26566-DFBB-4553-94BF-C7ECEFBD9A13,37,b196550518,795502758,OCoLC,z,d,ODN0000786370,z,True,True,True,,,False
77225227-CE16-4764-9CA3-B604CB9A7955,37,b196550543,795502786,OCoLC,z,d,ODN0000786376,z,True,True,True,,,False
910F7878-B926-4C21-9610-C7F2E378EFD2,37,b196550555,795502792,OCoLC,z,d,ODN0000784890,z,True,True,True,,,False
C123B2E4-B147-48B7-8793-64C19EC7718B,37,b196550567,795502795,OCoLC,z,d,ODN0000786684,z,True,True,True,,,False
E03E9C3B-C375-4190-980F-E7DD831D110B,37,b196550579,795502800,OCoLC,z,d,ODN0000786381,z,True,True,True,,,False
4AA528A0-0D75-40D8-B824-646A303594F8,37,b196550580,795502827,OCoLC,z,d,ODN0000786383,z,True,True,True,,,False
9EEF8440-B7F8-4DAC-A755-12DCD15BB57A,37,b196550592,795502833,OCoLC,z,d,ODN0000786688,z,True,True,True,,,False
8744EA59-0737-40CA-9282-5E5D29CA19CC,37,b196550609,795502933,OCoLC,z,d,ODN0000786694,z,True,True,True,,,False
0742E153-C898-4D76-A379-CB43FB9A39B9,37,b196550610,795503053,OCoLC,z,d,ODN0000786699,z,True,True,True,,,False
91AC4448-AF5E-4E1F-AC5B-A28BD06F2D35,37,b196550622,795503062,OCoLC,z,d,ODN0000784904,z,True,True,True,,,False
C91CF551-6721-42C8-B1D6-E9ADCBEF9A17,37,b196550634,795503762,OCoLC,z,d,ODN0000784896,z,True,True,True,,,False
14C4760D-14E2-4BA1-9E26-FB3409A903D6,37,b196550646,795503764,OCoLC,z,d,ODN0000784899,z,True,True,True,,,False
8A9AE78F-F1E2-4114-9744-F9580AA148D2,37,b19655066x,795503804,OCoLC,z,d,ODN0000786487,z,True,True,True,,,False
F5A57443-80CB-4973-8263-CCB6D3FB9DA6,37,b196550671,795503855,OCoLC,z,d,ODN0000786388,z,True,True,True,,,False
F389E64D-6E74-4084-AEE4-891C74C52D42,37,b196550695,795503869,OCoLC,z,d,ODN0000786393,z,True,True,True,,,False
179B9EB2-888B-44EC-ADEA-8C21012389ED,37,b196550701,795503989,OCoLC,z,d,ODN0000784615,z,True,True,True,,,False
7900F550-6AC7-4100-A13A-E3E59A42A935,37,b196550713,795504098,OCoLC,z,d,ODN0000786826,z,True,True,True,,,False
88C702F6-D01A-4033-83D8-F93EDAEE137E,37,b196550725,795505161,OCoLC,z,d,ODN0000786701,z,True,True,True,,,False
E82142BA-3A72-4FAC-8127-B472BE7EA47E,37,b196550749,795505883,OCoLC,z,d,ODN0000784634,z,True,True,True,,,False
A55E2142-1DE4-4AC0-8250-02130CF1B780,37,b196550762,795506202,OCoLC,z,d,ODN0000784622,z,True,True,True,,,False
AC89D3A0-876E-4ED6-ADF4-C1CDE654F531,37,b196550774,795507169,OCoLC,z,d,ODN0000784636,z,True,True,True,,,False
6C5B858B-009C-4C6B-877A-144251AF31CA,37,b196550786,795507357,OCoLC,z,d,ODN0000786476,z,True,True,True,,,False
A3763CCB-9634-4468-9335-7F9615DB52ED,37,b196550798,795507362,OCoLC,z,d,ODN0000784956,z,True,True,True,,,False
47994C4B-1026-405B-AC4C-1A6C570D3417,37,b196550804,795507379,OCoLC,z,d,ODN0000786793,z,True,True,True,,,False
B66C2C05-341F-43F9-B1D1-6719C3D3208D,37,b196550828,795516503,OCoLC,z,d,ODN0000784729,z,True,True,True,,,False
003BAEFB-0949-45F8-B65E-7AF1336A3BB0,37,b19655083x,795516538,OCoLC,z,d,ODN0000785134,z,True,True,True,,,False
73543F4A-66D6-4123-95DB-5080E8BA2ACC,37,b196550841,795497486,OCoLC,z,d,ODN0000786305,z,True,True,True,,,False
3CA6855F-1409-4961-91D0-77B0EEA17863,37,b196550865,795497918,OCoLC,z,d,ODN0000848921,z,True,True,True,,,False
59725A80-923F-4222-AFAB-005C2DB26ED5,37,b196550877,795498335,OCoLC,z,d,ODN0000784395,z,True,True,True,,,False
515BF819-1660-4174-A903-4D4D8A398BE8,37,b196550890,795498349,OCoLC,z,d,ODN0000786369,z,True,True,True,,,False
DEB3DFC6-3679-419E-BF50-3652F8C62266,37,b196550907,795498368,OCoLC,z,d,ODN0000786373,z,True,True,True,,,False
BFB1BE60-C3DD-43C1-8C5D-2424411BFCB5,37,b196550920,795502713,OCoLC,z,d,ODN0000784884,z,True,True,True,,,False
2CDD4475-84AD-4B65-ABDE-1C19C94D5498,37,b196550932,795502762,OCoLC,z,d,ODN0000786368,z,True,True,True,,,False
79990809-E206-4A4A-97ED-9DDEC430B324,37,b196550944,795502765,OCoLC,z,d,ODN0000786675,z,True,True,True,,,False
9B536EE0-F5A8-49B9-9816-BD11996A4E46,37,b196550956,795502780,OCoLC,z,d,ODN0000786372,z,True,True,True,,,False
F0001716-D86F-4A27-9660-3A9A0797A8D3,37,b196550968,795502789,OCoLC,z,d,ODN0000786378,z,True,True,True,,,False
D5BD6D98-D921-4C67-88B1-1EA868829F69,37,b19655097x,795502790,OCoLC,z,d,ODN0000786679,z,True,True,True,,,False
42698DE5-9305-4C56-BABF-B052E1291CD9,37,b196551006,795503039,OCoLC,z,d,ODN0000786697,z,True,True,True,,,False
1DEFC229-9111-4923-81C8-60356313E0BF,37,b196551018,795503065,OCoLC,z,d,ODN0000786390,z,True,True,True,,,False
E39226A1-F02A-4A8C-881C-62E10C5866FC,37,b19655102x,795503169,OCoLC,z,d,ODN0000784610,z,True,True,True,,,False
06036046-D391-40AD-9CD5-A8A22885CBEA,37,b196551031,795503364,OCoLC,z,d,ODN0000784411,z,True,True,True,,,False
A088408C-1999-48EE-BF99-18DE19CC83EF,37,b196551055,795503733,OCoLC,z,d,ODN0000786693,z,True,True,True,,,False
F35510B7-4475-44AB-889E-C7EEB66D8D37,37,b196551079,795503842,OCoLC,z,d,ODN0000784902,z,True,True,True,,,False
6D76BBE3-FD38-4039-B81E-1B4298AD5687,37,b196551080,795503863,OCoLC,z,d,ODN0000786392,z,True,True,True,,,False
D62D6AA7-48D6-4FF1-A752-CECD9A870FF8,37,b196551092,795502840,OCoLC,z,d,ODN0000784424,z,True,True,True,,,False
6CB638D3-12C1-4098-B745-5581A9CA6563,37,b196551109,795504473,OCoLC,z,d,ODN0000784895,z,True,True,True,,,False
A33A23F1-93C9-432F-A270-658AB9300BCF,37,b196551134,795504965,OCoLC,z,d,ODN0000784901,z,True,True,True,,,False
F9D81774-B1EE-4ACA-A9C2-C7A495F6E9AE,37,b196551146,795505745,OCoLC,z,d,ODN0000784974,z,True,True,True,,,False
2B8A21DE-F40E-4F92-9493-1F706AB4A2C0,37,b196551158,795505793,OCoLC,z,d,ODN0000784977,z,True,True,True,,,False
1E486C32-3388-40C8-89B5-BD29BFE002FE,37,b19655116x,795505852,OCoLC,z,d,ODN0000784631,z,True,True,True,,,False
BBCC1037-CB99-4954-BADD-DFB6D4515632,37,b196551183,795506907,OCoLC,z,d,ODN0000784629,z,True,True,True,,,False
F2478BC2-DB17-4CEC-B47F-00C6B6BA70BD,37,b196551195,795507038,OCoLC,z,d,ODN0000784630,z,True,True,True,,,False
748BC7A7-2B9C-42EE-8DB8-178A1C7E8446,37,b196551201,795507187,OCoLC,z,d,ODN0000786827,z,True,True,True,,,False
B663E80D-97DB-4FA5-94EB-E947AB0D63EF,37,b196551213,795507232,OCoLC,z,d,ODN0000786830,z,True,True,True,,,False
39C67C02-93CB-427E-B88D-3E87E6815960,37,b196551225,795507325,OCoLC,z,d,ODN0000784986,z,True,True,True,,,False
6CE3021E-31CB-4A9F-A315-82E44FEFDAB4,37,b196551237,795507384,OCoLC,z,d,ODN0000786797,z,True,True,True,,,False
F5EA425E-CB05-495F-BAA4-575DC4FECCDE,37,b196551249,795516184,OCoLC,z,d,ODN0000784983,z,True,True,True,,,False
0164997E-536F-40CF-A8AE-454CE8443173,37,b196551250,795516217,OCoLC,z,d,ODN0000784985,z,True,True,True,,,False
37EF02B6-9DE2-4972-A560-69E2662D1419,37,b196551262,795516269,OCoLC,z,d,ODN0000784955,z,True,True,True,,,False
501282F0-4D72-48D5-B3E3-CBC7724E75F4,37,b196551274,795516579,OCoLC,z,d,ODN0000784356,z,True,True,True,,,False
DF427EA8-6EA7-4EB9-87EB-A24E4D2A2581,37,b196551298,795517413,OCoLC,z,d,ODN0000784987,z,True,True,True,,,False
6D6F5D96-BAC7-4FD3-8D62-A189F14B65BE,37,b196551304,795517499,OCoLC,z,d,ODN0000784593,z,True,True,True,,,False
6D1E7630-52C0-4A87-97C9-8933FB6EEAC8,37,b196551328,795518432,OCoLC,z,d,ODN0000784731,z,True,True,True,,,False
CC78225D-7B7F-45E6-8348-DF852797F06B,37,b19655133x,795518463,OCoLC,z,d,ODN0000787023,z,True,True,True,,,False
F3B0E15A-0562-464D-A4A0-ABFF4743DED0,37,b196551353,795519914,OCoLC,z,d,ODN0000787031,z,True,True,True,,,False
CB9B7322-686F-4EFF-A817-79C162A28649,37,b196551365,795519991,OCoLC,z,d,ODN0000785140,z,True,True,True,,,False
C063DE4F-6E73-430C-9449-C68573F2F583,37,b196551377,795520063,OCoLC,z,d,ODN0000784730,z,True,True,True,,,False
11C9B583-B442-4A15-A35A-507E81E14888,37,b196551389,795520199,OCoLC,z,d,ODN0000785184,z,True,True,True,,,False
3BB1EADD-9A8B-4558-A3AC-15ACCA9BFFCF,37,b196551390,795520283,OCoLC,z,d,ODN0000784733,z,True,True,True,,,False
30FC1511-EDD5-4B3B-9096-806259DEDCCB,37,b196551407,795521194,OCoLC,z,d,ODN0000784345,z,True,True,True,,,False
64BC52CD-B6F2-494D-AA71-88ADBA7E524B,37,b196551419,795521209,OCoLC,z,d,ODN0000784675,z,True,True,True,,,False
33FE7046-F161-448B-B396-A67FEA51F537,37,b196551420,795521219,OCoLC,z,d,ODN0000784690,z,True,True,True,,,False
55B2C32F-E092-4E7D-AE8D-D384441A6598,37,b196551444,795521229,OCoLC,z,d,ODN0000784693,z,True,True,True,,,False
71538B32-02DC-4570-8AFF-9BEB039A2267,37,b196551456,795521233,OCoLC,z,d,ODN0000784695,z,True,True,True,,,False
E3D5C2F0-079A-4CF6-83F9-0D2EF3D22283,37,b196551468,795521236,OCoLC,z,d,ODN0000797168,z,True,True,True,,,False
741723AF-D2CC-47A0-92B9-EC2165C4BD29,37,b19655147x,795521238,OCoLC,z,d,ODN0000785037,z,True,True,True,,,False
8410EC6E-726F-483C-951E-981B09610773,37,b196551481,795521244,OCoLC,z,d,ODN0000797212,z,True,True,True,,,False
3C79290E-5215-4614-A840-141A0129D310,37,b196551493,795521252,OCoLC,z,d,ODN0000786869,z,True,True,True,,,False
8E262791-8A8D-4A01-942B-4B0BCF7DF510,37,b196551511,795521730,OCoLC,z,d,ODN0000784994,z,True,True,True,,,False
8C1E8756-8F99-4C5F-87C8-F92714FD68A5,37,b196551535,795521793,OCoLC,z,d,ODN0000784694,z,True,True,True,,,False
CDE4A0AD-0EDA-46A8-B9E2-2F1158A14FCE,37,b196551547,795521868,OCoLC,z,d,ODN0000786873,z,True,True,True,,,False
84E890C1-B153-4036-8CAB-CEDB4936A7F8,37,b196551559,795521953,OCoLC,z,d,ODN0000786358,z,True,True,True,,,False
4C909FBF-F5C0-479A-B22A-A0AD6985F8EC,37,b196551560,795521958,OCoLC,z,d,ODN0000784664,z,True,True,True,,,False
80AB6298-FC65-4C01-855C-C7D2DEB52537,37,b196551584,795521976,OCoLC,z,d,ODN0000797209,z,True,True,True,,,False
359B91EF-D45A-4877-878C-DC5D3327CB12,37,b196551596,795521987,OCoLC,z,d,ODN0000786517,z,True,True,True,,,False
22315F0C-79BB-4BC2-9719-C83701463E20,37,b196551602,795521995,OCoLC,z,d,ODN0000785005,z,True,True,True,,,False
DC687FAE-DB3E-427C-A882-5206AD36C2B9,37,b196551614,795522014,OCoLC,z,d,ODN0000784697,z,True,True,True,,,False
40689B7F-9AB7-44D5-934F-6B746FE92576,37,b196551626,795522022,OCoLC,z,d,ODN0000785008,z,True,True,True,,,False
29D6BA58-E332-431D-B785-994D78D172FF,37,b196551638,795522034,OCoLC,z,d,ODN0000784703,z,True,True,True,,,False
00A01A61-8DF7-4576-B4D3-A62583CE0E5D,37,b196551651,795522308,OCoLC,z,d,ODN0000786584,z,True,True,True,,,False
E2376BB6-87F3-4B4F-91D6-CDD77A4EF123,37,b196551663,795522634,OCoLC,z,d,ODN0000785193,z,True,True,True,,,False
287D8538-BDE9-4E4C-92BB-B3592596F24C,37,b196551675,795522745,OCoLC,z,d,ODN0000785196,z,True,True,True,,,False
33B2CA52-8A0B-47D9-A8D5-74CEDA2FF28F,37,b196551687,795523020,OCoLC,z,d,ODN0000784749,z,True,True,True,,,False
5B17496A-4205-4B2F-8B9E-B4A21B8A838E,37,b196551699,795523136,OCoLC,z,d,ODN0000785197,z,True,True,True,,,False
3028D47B-665E-46E4-9952-8762557503F2,37,b19655214x,795523504,OCoLC,z,d,ODN0000785198,z,True,True,True,,,False
CA7A12AF-9B7B-47AB-A5BB-8CA1C88377BF,37,b196552163,795523565,OCoLC,z,d,ODN0000785201,z,True,True,True,,,False
319B67C0-1B4E-48AC-AE30-37820B21AFC1,37,b196552187,795523571,OCoLC,z,d,ODN0000786913,z,True,True,True,,,False
03B5CE87-A1A1-45E6-B0DC-282B1B2750B0,37,b196552205,795518496,OCoLC,z,d,ODN0000787026,z,True,True,True,,,False
FB19F4DB-9A0C-45C0-90CE-1B27F7446C79,37,b196552217,795518540,OCoLC,z,d,ODN0000785188,z,True,True,True,,,False
CB9B22FA-1B14-4E89-ADD9-F857D0F42343,37,b196552229,795518552,OCoLC,z,d,ODN0000786574,z,True,True,True,,,False
C4F422A8-AE44-4DBF-A0BE-2E7B3371AB83,37,b196552230,795519589,OCoLC,z,d,ODN0000785183,z,True,True,True,,,False
3EBEB545-2D54-43E1-8AC9-033561AB9FDD,37,b196552242,795519697,OCoLC,z,d,ODN0000784377,z,True,True,True,,,False
AA860D96-8E9B-4C47-8C61-50DF5F7517EB,37,b196552254,795519814,OCoLC,z,d,ODN0000787029,z,True,True,True,,,False
2ABDE867-FCCF-4587-A15E-1AEA4D8AF387,37,b196552266,795519827,OCoLC,z,d,ODN0000784734,z,True,True,True,,,False
C72578B7-F66A-42B6-9766-AEF7753510EF,37,b196552291,795521171,OCoLC,z,d,ODN0000786503,z,True,True,True,,,False
D985A274-03E5-4B1E-983F-F73632289419,37,b196552308,795521199,OCoLC,z,d,ODN0000784990,z,True,True,True,,,False
C8BF7ABF-DB00-4AE0-8086-05BEBEE1C38F,37,b19655231x,795521216,OCoLC,z,d,ODN0000797208,z,True,True,True,,,False
C516B74E-813F-47CD-80A0-BD2F72184149,37,b196552321,795521218,OCoLC,z,d,ODN0000784998,z,True,True,True,,,False
FE817C7C-4F39-4944-8AD5-1CB3FA8A7661,37,b196552333,795521248,OCoLC,z,d,ODN0000786866,z,True,True,True,,,False
D585251F-54AC-40C2-8ED1-BBB7348F552E,37,b196552345,795521276,OCoLC,z,d,ODN0000786982,z,True,True,True,,,False
21CDC20D-0C2C-4E04-9522-73668909449C,37,b196552357,795521322,OCoLC,z,d,ODN0000797232,z,True,True,True,,,False
C6EAE50E-909B-4299-AC60-9BAD0BF48892,37,b196552369,795521369,OCoLC,z,d,ODN0000787032,z,True,True,True,,,False
E24BBE17-C963-40A9-93F6-BD5F8FA66CE2,37,b196552370,795521412,OCoLC,z,d,ODN0000786911,z,True,True,True,,,False
34DFCA57-9E9C-462D-9DC4-06F23873E1AE,37,b196552382,795521447,OCoLC,z,d,ODN0000784748,z,True,True,True,,,False
AE41D0D0-3422-4545-8A8C-D4F8065D957F,37,b196552394,795521610,OCoLC,z,d,ODN0000786500,z,True,True,True,,,False
C7800834-45CF-48EF-B13E-B91DE7B26A92,37,b196552400,795521615,OCoLC,z,d,ODN0000786501,z,True,True,True,,,False
C8F656C1-7666-494A-9C00-9C8CA8CE035A,37,b196552412,795521685,OCoLC,z,d,ODN0000784657,z,True,True,True,,,False
1952CD11-C39B-4832-92D0-6F48AEDE3046,37,b196552424,795521692,OCoLC,z,d,ODN0000786508,z,True,True,True,,,False
74B97AB1-DC1D-4B62-97BB-4F351017EFC8,37,b196552436,795521720,OCoLC,z,d,ODN0000784993,z,True,True,True,,,False
F1E08DA9-3495-4BCE-87AD-CE471A56B1B3,37,b19655245x,795521864,OCoLC,z,d,ODN0000784704,z,True,True,True,,,False
015A2330-C60A-4AD3-AA50-8594F8E6E883,37,b196552473,795521951,OCoLC,z,d,ODN0000784989,z,True,True,True,,,False
CE6B1684-864F-40D8-8C8C-D9A4CC362B81,37,b196552485,795521956,OCoLC,z,d,ODN0000786511,z,True,True,True,,,False
73E95B2F-7C31-4102-90A7-3E89D2F59D09,37,b196552497,795521964,OCoLC,z,d,ODN0000784672,z,True,True,True,,,False
C654767E-6566-4278-B093-F2C0658FBB59,37,b196552503,795521965,OCoLC,z,d,ODN0000786512,z,True,True,True,,,False
A725A2DD-FE64-4CFD-9EF4-F0381D447C3B,37,b196552539,795521991,OCoLC,z,d,ODN0000785003,z,True,True,True,,,False
AF495D88-1E33-4119-BF7C-A12F7AAF4C5B,37,b196552540,795521994,OCoLC,z,d,ODN0000786854,z,True,True,True,,,False
1E6F40FB-9723-4548-BFDF-9DF943F54A46,37,b196552552,795521999,OCoLC,z,d,ODN0000786521,z,True,True,True,,,False
4D30330D-7B3D-4F78-9DE3-D76B3EB5F4C1,37,b196552564,795522005,OCoLC,z,d,ODN0000784346,z,True,True,True,,,False
F090DB1F-B70E-4F66-BA9B-0E08155E38BE,37,b196552588,795522030,OCoLC,z,d,ODN0000786529,z,True,True,True,,,False
9FB93E8D-9E6C-4C39-8A8E-42C68322043C,37,b19655259x,795522040,OCoLC,z,d,ODN0000786531,z,True,True,True,,,False
211F03DD-D421-4071-A696-52ADBFDF8881,37,b196552618,795522239,OCoLC,z,d,ODN0000785192,z,True,True,True,,,False
09093B54-9231-4218-8CBB-CAAAF72F6826,37,b19655262x,795522469,OCoLC,z,d,ODN0000785038,z,True,True,True,,,False
1C60D96E-4883-47AA-A797-4DDC41B9F1AB,37,b196552655,795523009,OCoLC,z,d,ODN0000785194,z,True,True,True,,,False
89EC619F-F9D0-4BC7-9767-C43FF4798BCF,37,b196552667,795523057,OCoLC,z,d,ODN0000785195,z,True,True,True,,,False
A5CC415B-2C38-48BD-8905-F241CE2B08EB,37,b196552679,795523169,OCoLC,z,d,ODN0000785199,z,True,True,True,,,False
4EFA6DF8-D6C4-431B-BBCB-443C3E8078B8,37,b196552862,795523287,OCoLC,z,d,ODN0000785202,z,True,True,True,,,False
E4F2B64E-575F-41F5-852A-255DA7B6B644,37,b196553180,795523537,OCoLC,z,d,ODN0000785200,z,True,True,True,,,False
243A3FED-685B-4C90-A30D-68498F048418,37,b196553192,795523550,OCoLC,z,d,ODN0000786587,z,True,True,True,,,False
8C92BA87-26D7-4319-9805-BB6FDB3DE92D,37,b196553532,795523852,OCoLC,z,d,ODN0000786588,z,True,True,True,,,False
86EF3CA7-2EB2-4312-8477-DE5B8B55B772,37,b196553891,795523717,OCoLC,z,d,ODN0000676318,z,True,True,,1,1,False
374FEA47-1134-4EB9-A2EC-712648BE2BA3,37,b196554287,795526307,OCoLC,z,d,ODN0000785203,z,True,True,True,,,False
3A911FA2-D5C2-4323-BCA0-673169026A70,37,b196554354,795526471,OCoLC,z,d,ODN0000786592,z,True,True,True,,,False
C98ABE48-1F3A-4209-A361-AC2E50570A3B,37,b196554408,795526596,OCoLC,z,d,ODN0000785206,z,True,True,True,,,False
D2E4762C-A96A-4328-8558-59F8B08D77B9,37,b196554421,795526637,OCoLC,z,d,ODN0000785208,z,True,True,True,,,False
D9542A3C-162E-4C27-AC6B-1002485580ED,37,b196554433,795526646,OCoLC,z,d,ODN0000784755,z,True,True,True,,,False
DB3B991C-F57D-4D0E-977B-06B1C9D35CDD,37,b196554457,795526682,OCoLC,z,d,ODN0000785210,z,True,True,True,,,False
90B6C67F-3E26-40F5-9309-EDA80EF7BB89,37,b196554469,795526692,OCoLC,z,d,ODN0000786593,z,True,True,True,,,False
B4AA0608-42FE-4FB3-8F01-6C6FA7A2B4BB,37,b196554512,795527874,OCoLC,z,d,ODN0000785204,z,True,True,True,,,False
9564309C-84E0-4116-89EF-5A351E520936,37,b196554676,795528707,OCoLC,z,d,ODN0000786591,z,True,True,True,,,False
04E8BE8F-C6E2-411B-9D97-07BFC6228C91,37,b196554688,795529540,OCoLC,z,d,ODN0000785048,z,True,True,True,,,False
550698E6-A1DC-464E-B00A-E0E516F7D6E6,37,b196554718,795529621,OCoLC,z,d,ODN0000785214,z,True,True,True,,,False
C0F2E6FD-21C4-4DFA-8AA2-B1D4233022C0,37,b19655472x,795556478,OCoLC,z,d,ODN0000787036,z,True,True,True,,,False
DB47E1A6-6475-4A28-B826-D6C1CD8E4764,37,b196554731,795558797,OCoLC,z,d,ODN0000787041,z,True,True,True,,,False
1B1CB704-147F-4E93-8D0A-10C1C8BDC33C,37,b196554743,795560852,OCoLC,z,d,ODN0000787038,z,True,True,True,,,False
FBB4A49E-8E7C-4CC1-8724-077E940EC13B,37,b196554767,795561934,OCoLC,z,d,ODN0000786594,z,True,True,True,,,False
72F9329F-244D-45EA-BB28-E51C4431FE94,37,b196554779,795562394,OCoLC,z,d,ODN0000786595,z,True,True,True,,,False
F1053BB5-77B7-494A-A3DB-2E11E6125A2C,37,b196554780,795562434,OCoLC,z,d,ODN0000784776,z,True,True,True,,,False
77DBA924-F0FC-44A0-845C-1A75C6E9CD62,37,b196554792,795562550,OCoLC,z,d,ODN0000785058,z,True,True,True,,,False
265EF620-D69F-454F-86A3-1FE8D29FB5FB,37,b196554810,795563899,OCoLC,z,d,ODN0000784794,z,True,True,True,,,False
8E0EB759-2561-4EEB-924D-C0B999E6C95D,37,b196554822,795564007,OCoLC,z,d,ODN0000784802,z,True,True,True,,,False
2FF61060-58AE-49CA-867E-58A3E2911EAD,37,b196554871,795565161,OCoLC,z,d,ODN0000786741,z,True,True,True,,,False
B354FD95-B8B1-495E-9A20-52D9B4E8DCD1,37,b196555231,795526496,OCoLC,z,d,ODN0000785205,z,True,True,True,,,False
1CC9919A-2534-4AE6-B8CF-939E9590247F,37,b196555358,795526624,OCoLC,z,d,ODN0000785207,z,True,True,True,,,False
188897ED-EE3F-40C0-9E64-5CFB2C7D7712,37,b19655536x,795526661,OCoLC,z,d,ODN0000785209,z,True,True,True,,,False
B77D5469-1D1D-4D7C-A6EC-9D4274DA2BF8,37,b196555371,795526708,OCoLC,z,d,ODN0000785212,z,True,True,True,,,False
797EA187-42DA-42DD-B5CA-5E56A20060DC,37,b196555383,795526738,OCoLC,z,d,ODN0000786920,z,True,True,True,,,False
51E0A7F4-A400-4482-9A0C-317FDB25F832,37,b196555607,795528421,OCoLC,z,d,ODN0000786918,z,True,True,True,,,False
4B5D7A34-36F6-488A-B860-829190FD9004,37,b196555619,795528495,OCoLC,z,d,ODN0000785043,z,True,True,True,,,False
631800F7-AC9E-4330-B57D-6EB1BECCBB0D,37,b196555620,795528505,OCoLC,z,d,ODN0000785213,z,True,True,True,,,False
8EF65E6A-3D6B-47DB-A513-3994A277BCB2,37,b196555632,795528603,OCoLC,z,d,ODN0000785216,z,True,True,True,,,False
6F3E0A85-1D94-4FBA-B00B-9A72C461EC18,37,b196555656,795529662,OCoLC,z,d,ODN0000785046,z,True,True,True,,,False
8344F560-509D-4053-AFDB-28FD9C22EA48,37,b196555668,795530681,OCoLC,z,d,ODN0000785049,z,True,True,True,,,False
69BE793A-589F-4B0E-8371-AE3B50257FB7,37,b19655567x,795558858,OCoLC,z,d,ODN0000785229,z,True,True,True,,,False
D535FA29-B286-4D4B-8168-62632434D9BC,37,b196555681,795558978,OCoLC,z,d,ODN0000787037,z,True,True,True,,,False
CC25DED2-A863-44F7-8912-6007C47B174A,37,b19655570x,795561073,OCoLC,z,d,ODN0000785225,z,True,True,True,,,False
134EB47C-16E2-46CC-AC27-4484F5CF7CDC,37,b196555735,795562731,OCoLC,z,d,ODN0000786319,z,True,True,True,,,False
40E4321E-8932-4FC6-8DC4-C091F46EEA68,37,b196555747,795562970,OCoLC,z,d,ODN0000787045,z,True,True,True,,,False
15045134-B065-48DE-B12D-F16DDC482687,37,b196555760,795563919,OCoLC,z,d,ODN0000784516,z,True,True,True,,,False
D898901B-E5D1-4DDD-86D7-0D53C1611073,37,b196555796,795564832,OCoLC,z,d,ODN0000784514,z,True,True,True,,,False
ACD6DA38-1A0E-4E4E-A326-F7E1D2EF4859,37,b196555905,795565499,OCoLC,z,d,ODN0000784518,z,True,True,True,,,False
DB159A68-56D8-4DE8-A658-140FF4FB137A,37,b196556004,795566178,OCoLC,z,d,ODN0000786601,z,True,True,True,,,False
689EC831-42C3-4CD7-9060-B20CC7D92FE8,37,b196556090,795566543,OCoLC,z,d,ODN0000786441,z,True,True,True,,,False
08E41DA6-0088-472C-B5EE-D43FA20E00F5,37,b19655620x,795567075,OCoLC,z,d,ODN0000797179,z,True,True,True,,,False
51857CBB-2B69-4C38-B741-C47658CBE719,37,b196556223,795567216,OCoLC,z,d,ODN0000797220,z,True,True,True,,,False
E2A4645E-699B-487A-AEE3-05386DB113C4,37,b196556247,795568041,OCoLC,z,d,ODN0000785012,z,True,True,True,,,False
58AD4CC5-1419-450A-BF0F-DB94BAE68B4F,37,b196556259,795568087,OCoLC,z,d,ODN0000786743,z,True,True,True,,,False
606763D8-4E47-4ACC-9522-44F6D17E9FA3,37,b196556260,795568140,OCoLC,z,d,ODN0000797155,z,True,True,True,,,False
D67A815D-0395-4EB9-ADC7-F6097D252B40,37,b196556272,795568359,OCoLC,z,d,ODN0000786745,z,True,True,True,,,False
96630B4F-A04E-477B-BB3F-1822932B4B26,37,b196556284,795568418,OCoLC,z,d,ODN0000786885,z,True,True,True,,,False
31C601F6-4CAC-48B3-B1C9-BA8D7BEFF03F,37,b196556302,795569017,OCoLC,z,d,ODN0000784534,z,True,True,True,,,False
AA829655-F55B-4780-BEBE-86335F715EC4,37,b196556314,795569060,OCoLC,z,d,ODN0000784707,z,True,True,True,,,False
0644B487-27E6-462F-830B-18DDC94D5A15,37,b196556338,795569874,OCoLC,z,d,ODN0000784710,z,True,True,True,,,False
A2C54D78-E8F9-43EF-8C83-BD41324301BF,37,b196556351,795570479,OCoLC,z,d,ODN0000785014,z,True,True,True,,,False
ABB8C532-6D15-4C7A-9458-0D5900A5FD8A,37,b196556363,795570812,OCoLC,z,d,ODN0000786888,z,True,True,True,,,False
35050AD4-B324-4992-BDD7-1E06A939E14C,37,b196556399,795573025,OCoLC,z,d,ODN0000785020,z,True,True,True,,,False
F11A29A9-E567-46D3-B419-6D17A4F0C214,37,b196556405,795573173,OCoLC,z,d,ODN0000785021,z,True,True,True,,,False
25C1C613-A8AE-41C2-94B9-34D05FC7D477,37,b196556533,795567014,OCoLC,z,d,ODN0000786442,z,True,True,True,,,False
FF964CF8-BA73-418F-91F0-1B9899A803DD,37,b196556569,795568574,OCoLC,z,d,ODN0000786881,z,True,True,True,,,False
E8053334-5E24-40B9-A66B-48D617409D69,37,b196556570,795568661,OCoLC,z,d,ODN0000784528,z,True,True,True,,,False
F7953826-C556-4B6A-8FBE-33E52239C1FB,37,b196556594,795569162,OCoLC,z,d,ODN0000786534,z,True,True,True,,,False
5CC78106-9DFF-4F14-B872-BE5A9D86D9CC,37,b196556600,795569634,OCoLC,z,d,ODN0000786748,z,True,True,True,,,False
97384262-F49E-4F2E-9765-49BD5BA5C971,37,b196556612,795569702,OCoLC,z,d,ODN0000786887,z,True,True,True,,,False
E19B046D-EA7B-441E-9F90-B8B2069D2920,37,b196556624,795569747,OCoLC,z,d,ODN0000784708,z,True,True,True,,,False
8FB28A8C-5A46-4388-BB3F-31AB82DEE42A,37,b196556636,795569950,OCoLC,z,d,ODN0000786746,z,True,True,True,,,False
0CE0A5D4-1DC8-45F0-A46B-BF3A0345F817,37,b19655665x,795570445,OCoLC,z,d,ODN0000784536,z,True,True,True,,,False
58F3F3C9-B893-4BA2-94EA-1F0F85C9A9DD,37,b196556661,795570696,OCoLC,z,d,ODN0000786537,z,True,True,True,,,False
FB51895D-AAEB-4C97-9F9A-0C53028A9B4D,37,b196556673,795571492,OCoLC,z,d,ODN0000786751,z,True,True,True,,,False
67828322-828A-4918-BFFE-CE15D1C23ACC,37,b196556685,795571571,OCoLC,z,d,ODN0000786753,z,True,True,True,,,False
DEA125F2-A814-4BB5-8308-7A0B35519CE6,37,b196556697,795571725,OCoLC,z,d,ODN0000797173,z,True,True,True,,,False
A27C9895-35DB-48E4-A1DF-9729B470BB23,37,b196556703,795571794,OCoLC,z,d,ODN0000785018,z,True,True,True,,,False
986255C4-B67D-4BFF-96D3-21EDFF9AA7C3,37,b196556715,795571821,OCoLC,z,d,ODN0000786458,z,True,True,True,,,False
3C9990FB-CABF-4862-8AF7-E167316F56D8,37,b196556727,795572930,OCoLC,z,d,ODN0000786456,z,True,True,True,,,False
E5F66EF4-9BEC-43E2-88C4-B7B7C6D795FB,37,b196556764,795573985,OCoLC,z,d,ODN0000786759,z,True,True,True,,,False
754F1F00-3747-4899-85EE-B746C632FDDE,37,b196556788,795574017,OCoLC,z,d,ODN0000784942,z,True,True,True,,,False
C74E9572-D41F-4F6B-8A51-8E0C704CE946,37,b19655679x,795574342,OCoLC,z,d,ODN0000785023,z,True,True,True,,,False
30BABF6E-EAAA-4343-8A5A-F8A436E82357,37,b196556806,795574467,OCoLC,z,d,ODN0000786892,z,True,True,True,,,False
A84DFF22-E8E1-4E44-9448-CD0A8FBBF91B,37,b196556818,795574730,OCoLC,z,d,ODN0000797216,z,True,True,True,,,False
E9FC8DA8-EFBA-4FE1-AD16-B58C14025D81,37,b19655682x,795574894,OCoLC,z,d,ODN0000786762,z,True,True,True,,,False
DD2F75F9-3B1D-4CD5-8BDD-32FF98483567,37,b196556831,795575741,OCoLC,z,d,ODN0000786549,z,True,True,True,,,False
E8437880-DD6F-4171-AE60-C2040FC08B67,37,b196556855,795575971,OCoLC,z,d,ODN0000784579,z,True,True,True,,,False
34DD81EF-A7C6-4BD3-8BDC-653ADEDDEB6A,37,b196556867,795577211,OCoLC,z,d,ODN0000786463,z,True,True,True,,,False
69ACE93F-2203-4C09-98A0-2F245012C4A2,37,b196556879,795577541,OCoLC,z,d,ODN0000786467,z,True,True,True,,,False
A3C24910-91D8-44DA-9DF6-15EE2ECDEEC9,37,b196556880,795577553,OCoLC,z,d,ODN0000786897,z,True,True,True,,,False
5CD8685B-8402-4870-B4C0-9C0FA07378FA,37,b196556892,795577584,OCoLC,z,d,ODN0000784718,z,True,True,True,,,False
7F0C6020-9806-47A2-9AD2-99493643F015,37,b196556910,795578159,OCoLC,z,d,ODN0000784577,z,True,True,True,,,False
A5D8620B-3EAA-40F4-BF46-F566CEF01773,37,b196556946,795579810,OCoLC,z,d,ODN0000786896,z,True,True,True,,,False
5395999C-EBF4-4CB9-93E1-F2AC47BF20D1,37,b196556958,795580033,OCoLC,z,d,ODN0000786554,z,True,True,True,,,False
E6D48D8C-7436-43D4-A7CE-34DC7FE845C3,37,b19655696x,795580406,OCoLC,z,d,ODN0000786899,z,True,True,True,,,False
8939D776-80D1-487E-9FC0-EEDB69EA9BA6,37,b196556971,795581587,OCoLC,z,d,ODN0000784722,z,True,True,True,,,False
CE66EC40-9CA1-47E5-9523-AACFD01C09D8,37,b196556983,795581683,OCoLC,z,d,ODN0000786772,z,True,True,True,,,False
1FF6BF40-1C4B-45DD-84DA-14F994107A7E,37,b196556995,795581892,OCoLC,z,d,ODN0000786776,z,True,True,True,,,False
F3B06DC3-B9F5-48E4-8BDF-E8E3BCEC6CBB,37,b196557008,795582119,OCoLC,z,d,ODN0000786563,z,True,True,True,,,False
117AF9DD-4003-4E34-8893-5A5452A9BCE0,37,b196557033,795584016,OCoLC,z,d,ODN0000784727,z,True,True,True,,,False
4343D7AA-EA83-4CCC-8EE7-3CEB1C804444,37,b196557045,795584199,OCoLC,z,d,ODN0000786474,z,True,True,True,,,False
CE0A7A13-87D4-4A3A-94A2-08A7B76703A7,37,b196557069,795699984,OCoLC,z,d,ODN0000786952,z,True,True,True,,,False
2E33ECD7-AF80-44A4-9408-24B9F246319E,37,b196557082,795699985,OCoLC,z,d,ODN0000784808,z,True,True,True,,,False
4BE1B18E-CEB6-4EAE-BAC9-78B1F782DCFD,37,b196557094,795699993,OCoLC,z,d,ODN0000786621,z,True,True,True,,,False
8F102DB1-6B17-456B-A86E-0BC111BAD83C,37,b196557100,795699997,OCoLC,z,d,ODN0000784829,z,True,True,True,,,False
D42445D0-B8A5-4350-964B-F8AD8AA978D4,37,b196557112,795700002,OCoLC,z,d,ODN0000786970,z,True,True,True,,,False
22C80EA2-87C4-4BB7-B4F7-3464E52D969C,37,b196557124,795700008,OCoLC,z,d,ODN0000786646,z,True,True,True,,,False
DD3A7ACE-E552-4E0C-9A42-289D433EC544,37,b196557136,795702173,OCoLC,z,d,ODN0000786950,z,True,True,True,,,False
16555DBE-0A36-4171-A1E0-4E626FA9678A,37,b196557148,795702174,OCoLC,z,d,ODN0000784809,z,True,True,True,,,False
6A768B9F-6B34-4DBB-9A21-6200133153F8,37,b196557161,795702175,OCoLC,z,d,ODN0000786610,z,True,True,True,,,False
BF10EA0B-CE63-4637-889C-724A3B82354B,37,b196557173,795702184,OCoLC,z,d,ODN0000786963,z,True,True,True,,,False
679BB258-7824-46B2-B449-C6EF9319CBFF,37,b196557197,795702185,OCoLC,z,d,ODN0000785098,z,True,True,True,,,False
40A2861D-4F1B-4C3F-9F4A-F5FE6632E10F,37,b196557203,795702186,OCoLC,z,d,ODN0000785102,z,True,True,True,,,False
333DA519-4648-45DF-8774-56387D7D72B8,37,b196557215,795702187,OCoLC,z,d,ODN0000786967,z,True,True,True,,,False
2864524F-C443-43FF-BCA8-27B0FD3DF430,37,b196557227,795702190,OCoLC,z,d,ODN0000784841,z,True,True,True,,,False
426F5CA1-569B-4879-99D3-C8F36AF0DB3C,37,b196557239,795702191,OCoLC,z,d,ODN0000797223,z,True,True,True,,,False
525F4504-E558-43E3-AB1F-CAE8BD71254B,37,b196557240,795702192,OCoLC,z,d,ODN0000785122,z,True,True,True,,,False
45E2E329-FBEA-499E-8128-AE785D409B55,37,b196557252,795702632,OCoLC,z,d,ODN0000785068,z,True,True,True,,,False
A08794E1-5718-4B37-BEC1-AF6A9DFB1646,37,b196557264,795702653,OCoLC,z,d,ODN0000786947,z,True,True,True,,,False
115BD18C-DC38-4F21-925F-EB0875E56462,37,b196557288,795702663,OCoLC,z,d,ODN0000785079,z,True,True,True,,,False
F6C6816B-D1E7-47AE-8300-9088D374AD8F,37,b19655729x,795702665,OCoLC,z,d,ODN0000786960,z,True,True,True,,,False
DE337DAE-5738-4D27-BF02-F1E035ACC9EC,37,b196557756,795574250,OCoLC,z,d,ODN0000786894,z,True,True,True,,,False
D9A6D76C-D2A8-458A-9B14-4E021A8C058D,37,b196557768,795574679,OCoLC,z,d,ODN0000784716,z,True,True,True,,,False
176DA0A0-93B8-4220-8B3A-7EF935DBBEE1,37,b19655777x,795574698,OCoLC,z,d,ODN0000784717,z,True,True,True,,,False
7156AEE6-AA1D-4D8F-B936-C28B942B1768,37,b196557781,795575100,OCoLC,z,d,ODN0000786893,z,True,True,True,,,False
6DF1755B-925E-434E-8970-05B904F0D1A6,37,b196557793,795576028,OCoLC,z,d,ODN0000786464,z,True,True,True,,,False
95F2BCA5-09CC-48A1-812A-D70657508D7E,37,b19655780x,795577165,OCoLC,z,d,ODN0000786552,z,True,True,True,,,False
DF9A856B-F980-41A2-AF1A-C0E4148C723B,37,b196557811,795577404,OCoLC,z,d,ODN0000784580,z,True,True,True,,,False
B4EA4224-6525-46A7-8C37-93651E0A736D,37,b196557823,795577519,OCoLC,z,d,ODN0000797161,z,True,True,True,,,False
F1F03340-E1A6-4427-B1ED-1B3D21036DFF,37,b196557835,795579830,OCoLC,z,d,ODN0000797197,z,True,True,True,,,False
522F02A6-696A-46FB-B8DC-8EEB6FBECA38,37,b196557859,795580055,OCoLC,z,d,ODN0000785027,z,True,True,True,,,False
D3C4E1C0-5346-4AA1-B6B7-EB93E677556C,37,b196557860,795580195,OCoLC,z,d,ODN0000784721,z,True,True,True,,,False
86FC5941-D379-4C4D-8B45-85102FB86D41,37,b196557872,795580327,OCoLC,z,d,ODN0000786898,z,True,True,True,,,False
12B99FB2-5A7E-4A86-B772-00DB28010DCB,37,b196557884,795581376,OCoLC,z,d,ODN0000784720,z,True,True,True,,,False
DA723A0D-F6BC-4802-A163-617219A6D0E0,37,b196557902,795581800,OCoLC,z,d,ODN0000786301,z,True,True,True,,,False
07B0B4AE-865E-4F38-89FE-92783451D90D,37,b196557926,795581838,OCoLC,z,d,ODN0000797217,z,True,True,True,,,False
6B22CDA0-848B-4137-9E71-1ED184DAFE8A,37,b196557938,795581940,OCoLC,z,d,ODN0000786903,z,True,True,True,,,False
3149A86F-A707-4550-B590-B6B48860ECAF,37,b19655794x,795582908,OCoLC,z,d,ODN0000786900,z,True,True,True,,,False
CF50D474-8067-4DCD-B94F-AF8973F873A4,37,b196557975,795583103,OCoLC,z,d,ODN0000786781,z,True,True,True,,,False
639F1FC3-D090-42C6-A0EE-3773D8B1FC13,37,b196557987,795583234,OCoLC,z,d,ODN0000784590,z,True,True,True,,,False
1755B617-C7EE-4D30-A0B8-8ABBBE5BD389,37,b196557999,795583503,OCoLC,z,d,ODN0000786904,z,True,True,True,,,False
DA93F80B-B5A8-44E0-83EA-7DF369A83335,37,b196558013,795699983,OCoLC,z,d,ODN0000786943,z,True,True,True,,,False
B48F93C9-3DA7-4347-9780-FAF20114CC3E,37,b196558025,795699988,OCoLC,z,d,ODN0000786956,z,True,True,True,,,False
5CFA9ADF-B677-4BFA-9E31-6B9BF9C36D8A,37,b196558049,795699990,OCoLC,z,d,ODN0000786616,z,True,True,True,,,False
95A5E2E4-4453-4582-B11B-22BA2B177FA3,37,b196558062,795699992,OCoLC,z,d,ODN0000786962,z,True,True,True,,,False
BF843FD7-197F-4550-A8E4-67569EA15520,37,b196558086,795699995,OCoLC,z,d,ODN0000786625,z,True,True,True,,,False
B53AA714-B921-429C-B8E9-1AC67CA04D93,37,b196558098,795699998,OCoLC,z,d,ODN0000784834,z,True,True,True,,,False
F5DB3858-1DE8-43F1-85D7-CE80BBCAA777,37,b196558104,795700007,OCoLC,z,d,ODN0000786641,z,True,True,True,,,False
88AFBDDD-54E9-44CE-A36B-032D3314B3E7,37,b196558116,795700013,OCoLC,z,d,ODN0000784852,z,True,True,True,,,False
6489F321-8C96-4AC9-B290-222D5FCFD64F,37,b19655813x,795702176,OCoLC,z,d,ODN0000786958,z,True,True,True,,,False
FD2BBA8D-D9D9-4562-A276-CA730BECDB3E,37,b196558153,795702188,OCoLC,z,d,ODN0000785110,z,True,True,True,,,False
CE0B0B03-6711-4A6D-B470-AE023AC12E04,37,b196558165,795702193,OCoLC,z,d,ODN0000786973,z,True,True,True,,,False
2FC4DD67-5C7D-4400-891D-01FC8053E372,37,b196558177,795702195,OCoLC,z,d,ODN0000785127,z,True,True,True,,,False
4E81A571-5B19-4985-A10C-18328264ABA5,37,b196558190,795702657,OCoLC,z,d,ODN0000786608,z,True,True,True,,,False
095BAB35-5EA4-4348-81A9-E494443FE412,37,b196558207,795702662,OCoLC,z,d,ODN0000786959,z,True,True,True,,,False
42FEAA65-7442-4B4B-BEAA-05F5ECD00627,37,b196558220,795702673,OCoLC,z,d,ODN0000785119,z,True,True,True,,,False
ECD2D441-295C-46A9-B9E1-C6B781B54257,37,b196558232,795702678,OCoLC,z,d,ODN0000786975,z,True,True,True,,,False
2EDB9813-7670-47B6-ABEB-E26A34B10A94,37,b196558256,795702687,OCoLC,z,d,ODN0000786647,z,True,True,True,,,False
07C60D01-6248-4BBE-8945-19122E033F17,37,b196711459,779409438,OCoLC,z,d,ODN0000644965,z,False,True,,0,1,False
8D580190-5357-4E50-82C2-9396CD0B5946,37,b19671476x,797190857,OCoLC,z,d,ODN0000841742,z,True,True,,2,2,False
A74F6301-2790-422E-BC0A-674F13820C9E,37,b196954708,808126130,OCoLC,z,d,ODN0000919594,z,True,True,,1,3,False
D70C57D9-A2C8-46A0-86F1-BEA5F692563A,37,b197045431,808127030,OCoLC,z,d,ODN0000988881,z,False,True,,0,1,False
363FF936-7AD9-4D49-B582-A3E6F14C1B0A,37,b197344999,817126484,OCoLC,z,d,ODN0000644957,z,True,True,,1,1,False
8CA75774-C851-47B8-BC5A-6C4D43BF0DFE,37,b19773683x,828409232,OCoLC,z,d,ODN0000848713,z,True,True,,1,1,False
6355449D-2E66-4F17-B381-97E937E771B9,37,b197743754,828417749,OCoLC,z,d,ODN0001027888,z,True,True,,1,1,False
BB322839-9E16-4DC9-BAB2-DD2A037E4D94,37,b198916759,433134293,OCoLC,z,d,ODN0000249255,z,False,True,,0,1,False
FA6B7CB4-F794-4407-9C5C-64E1C723E16C,37,b198949650,851565843,OCoLC,z,d,ODN0001283380,z,True,True,,2,2,False
E80432B1-4EC2-4CDA-9BE8-B86B996610A6,37,b20782678x,851970526,OCoLC,z,d,ODN0001273211,z,True,True,,2,2,False
5A9102E5-AC11-4891-B712-8A1A007913A3,37,b198998818,854851955,OCoLC,z,d,ODN0001329281,z,False,True,,0,1,False
37125760-51EA-47F7-B8A7-3731A4ECE104,37,b199535929,856525072,OCoLC,z,d,ODN0001223280,z,True,True,,2,2,False
921FB230-5CAD-4DCB-9116-98C781F568CB,37,b207828684,863717263,OCoLC,z,d,ODN0001343192,z,True,True,,3,3,False
D2F8C29E-FBB3-47D8-A793-C84BFA028995,37,b209083724,466108826,OCoLC,z,d,ODN0000268267,z,True,True,,3,3,False
56FC0D9B-F4B2-4039-B097-A69B0FC791AD,37,b199724404,858879380,OCoLC,z,d,ODN0001223380,z,True,True,,2,4,False
69C94713-9747-4DCD-96C1-978C5B6279DF,37,b199814521,857570601,OCoLC,n,d,ODN0001372709,n,True,True,,14,16,False
FFABA012-E1FF-40E9-866A-13A0923029D1,37,b199817340,773581452,OCoLC,z,d,ODN0000598298,z,False,True,,0,1,False
E805B449-8DBD-4684-A8C7-A41F91C3F42C,37,b199852698,858875415,OCoLC,z,d,ODN0001223345,z,False,True,,0,1,False
E5262A6A-20D6-4D32-819A-08B0E30F83BC,37,b200006861,609588844,OCoLC,z,d,ODN0000291487,z,False,True,,0,1,False
8106F70C-236D-484C-A6D3-066305137CCA,37,b207825154,680620977,OCoLC,z,d,ODN0000463290,z,True,True,,1,1,False
383F955C-9015-4D27-9C7B-2CF11565E01F,37,b200086583,857573435,OCoLC,z,d,ODN0001242796,z,True,True,,1,1,False
525F1FF1-249A-43B4-920A-1540BD5F5FCC,37,b200089390,819752608,OCoLC,z,d,ODN0000993675,z,True,True,,1,1,False
FBF9CB8C-06EA-4B19-811B-A3ABF71AE4F6,37,b200151861,859531972,OCoLC,z,n,ODN0001290191,z,True,True,,4,4,False
791A0D9C-B9CC-4469-A253-B9815F58D31E,37,b207825300,704517203,OCoLC,z,d,ODN0000479035,z,True,True,,1,1,False
FBA1EA8D-DC92-4E8B-9DE2-5C2C7CADC2B4,37,b200417319,97392604,OCoLC,z,d,ODN0000122188,z,True,True,,1,2,False
9A1F1154-88FA-4F6D-AA8D-B76794D44EA6,37,b200417472,432689876,OCoLC,z,d,ODN0000250277,z,True,True,,1,1,False
A145494E-2CB5-460F-923C-137EF626647E,37,b207825609,768433189,OCoLC,z,d,ODN0000556550,z,True,True,,1,1,False
4D56CC49-8FCF-407B-9508-FAA1FBF545B9,37,b200595593,841481365,OCoLC,z,d,ODN0001234630,z,True,True,True,,,False
A0F71B1D-841F-439E-B22C-FFF976DBD0ED,37,b207826110,831120925,OCoLC,z,d,ODN0001269398,z,True,True,,1,1,False
5F241E6D-8BDD-4A38-89FB-CD3900301617,37,b210055509,858976085,OCoLC,z,d,ODN0001357724,z,False,True,,0,1,False
B25E1B9F-F88A-4CF1-9848-1D398E093839,37,b210055510,858976124,OCoLC,z,d,ODN0001357691,z,True,True,,1,1,False
17943D06-B2E9-4DAF-A20D-32203A128314,37,b200832049,871319640,OCoLC,z,d,ODN0001329189,z,True,True,,2,2,False
A26247BB-0F3B-4527-9F51-6F2E57F18AEC,37,b200834381,851448490,OCoLC,z,d,ODN0001085197,z,False,True,,0,1,False
8CF632ED-9B66-4B14-8BB8-4E6CECFEE128,37,b200842420,809669742,OCoLC,z,d,ODN0001004476,z,True,True,,1,1,False
843D6071-B7D3-4A5E-A9FC-82C692264BBF,37,b207825233,688506454,OCoLC,z,d,ODN0000312709,z,True,True,,1,1,False
A426BF7F-06CE-4201-8DE8-99E4DB9B2D26,37,b207826122,836407154,OCoLC,z,d,ODN0001267060,z,True,True,,1,1,False
C0306211-92F2-4C95-9D18-CC3D23697C0C,37,b207826080,828794115,OCoLC,z,d,ODN0001267888,z,True,True,,1,1,False
5CF61E02-CC29-4FCC-AAEE-B49EB651D986,37,b207826778,851970523,OCoLC,z,d,ODN0001272507,z,True,True,,1,1,False
217A8D3C-045B-4F50-8F05-246BFB14ECA2,37,b207826079,827212264,OCoLC,z,d,ODN0001270732,z,True,True,,1,1,False
BA798878-4258-4494-927E-71E77B670645,37,b201554860,872367844,OCoLC,z,d,ODN0001327388,z,True,True,True,,,False
C33FEFF9-F752-4EBF-BA16-C85846FC8AFA,37,b207828726,866439420,OCoLC,z,d,ODN0001554000,z,True,True,,1,1,False
E0B3E07F-662D-4B58-9FCA-FF93942AFB0E,37,b202223474,859342079,OCoLC,z,d,ODN0001714155,z,False,True,,0,1,False
C606886B-79E7-4048-ABF2-AC5F921B0C3C,37,b202227212,876739091,OCoLC,z,d,ODN0001705567,z,True,True,,1,2,False
C7AC7FA7-11BE-4A04-89A2-B1E032E716AE,37,b202229518,878541361,OCoLC,z,d,ODN0001705950,z,True,True,,1,2,False
9437570C-43C0-4713-9D52-B14DCBEFA582,37,b202229853,858638546,OCoLC,z,d,ODN0001712735,z,True,True,,1,2,False
C540FC07-07E2-4B2E-A86D-405CAD16B3C9,37,b202229919,w639048502,OCoLC,z,d,ODN0001714132,z,False,True,,0,20,False
6404C58D-EA2D-4E85-BD18-53DAD472BD48,37,b202230004,872549567,OCoLC,z,d,ODN0001581662,z,True,True,,2,2,False
8B111DBF-2299-44DC-8262-744EF5257786,37,b202233091,880672575,OCoLC,z,d,ODN0001752155,z,True,True,,1,1,False
410884E5-1A01-4445-923B-8B24C3BA4DA8,37,b202233376,798565007,OCoLC,z,d,ODN0000773239,z,True,True,,2,2,False
B9E78F5F-C340-405A-8AA1-FC0E7003E5EC,37,b202234113,878541057,OCoLC,z,d,ODN0001705503,z,False,True,,0,2,False
BCDE7767-F013-48FB-BE53-45FE80643566,37,b20223518x,858469509,OCoLC,z,d,ODN0001714194,z,True,True,,1,1,False
B4BD26E6-97BB-4118-A8A8-53FAA6F1DBD7,37,b202236110,878541408,OCoLC,z,d,ODN0001706014,z,False,True,,0,2,False
93D69E6C-09EE-4507-B58C-53F65A23BE8B,37,b202236869,858469189,OCoLC,z,d,ODN0001737231,z,False,True,,0,1,False
478105F8-7148-41C4-8DB4-CCE2593EE8F8,37,b202237564,878541346,OCoLC,z,d,ODN0001705930,z,False,True,,0,2,False
7BC82DB7-1F38-497E-8373-74A59CA2FDAC,37,b202239214,878541590,OCoLC,z,d,ODN0001706109,z,False,True,,0,2,False
15D811B0-93FB-4078-B86E-B5EA083EC5DF,37,b202240812,878979930,OCoLC,z,d,ODN0001714141,z,True,True,,1,1,False
8E734B6D-EA93-4DAF-8671-EF4D840CCE87,37,b202241270,798564985,OCoLC,z,d,ODN0000773238,z,True,True,,1,1,False
8A24636B-856A-46CD-A5FF-2998DA288512,37,b202241579,878541379,OCoLC,z,d,ODN0001706038,z,False,True,,0,2,False
A196B111-7202-4951-BAE7-EF5B7DBFD153,37,b202242249,878541627,OCoLC,z,d,ODN0001706149,z,True,True,,1,2,False
AC727D76-73BA-460A-8FCD-361982D83FF9,37,b202281814,808128936,OCoLC,z,d,ODN0000980162,z,True,True,,3,3,False
758C891B-2A41-49D9-8A37-FD97C615FA9B,37,b20237208x,882261391,OCoLC,z,d,ODN0001748874,z,True,True,,2,2,False
C0CC6052-FCB3-43D1-9201-732E0B63067B,37,b202458787,849507335,OCoLC,z,d,ODN0001085316,z,True,True,,2,2,False
2FD07B37-0944-4F58-91E4-5331AC663F46,37,b202461907,430486557,OCoLC,z,d,ODN0000226492,z,True,True,,2,2,False
181A3B0D-A7CD-44CD-B780-38C546AD52CC,37,b20246393x,873818553,OCoLC,z,d,ODN0001329178,z,True,True,,1,2,False
0D91B1AD-CDAB-49B0-93B3-908ACB50E527,37,b202564964,877986581,OCoLC,z,d,ODN0001547817,z,True,True,,2,2,False
15AA8CEA-5A62-4074-8BB5-90A48631F0EF,37,b20261279x,472100544,OCoLC,z,d,ODN0000269230,z,True,True,,1,1,False
EFA2FE3A-0C23-43F0-A652-D653D0A51A4C,37,b202613811,651008739,OCoLC,z,d,ODN0000291514,z,True,True,,1,1,False
79D9E789-CC34-45E8-8EB6-8A910E6DA1B0,37,b210055479,795132244,OCoLC,z,d,ODN0000767113,z,True,True,,1,1,False
3F526858-4FDE-4FBA-BD9F-DF34FE588ABF,37,b207828970,868956675,OCoLC,z,d,ODN0001554027,z,True,True,,1,1,False
23EF2DCC-9DE5-4A87-AD2D-91660998F7D8,37,b207828660,862103397,OCoLC,z,d,ODN0001772035,z,True,True,,1,1,False
3FE7B1F9-7DC5-4B2E-87EB-0F8E899CAB47,37,b20782602x,798534330,OCoLC,z,d,ODN0001269051,z,True,True,,1,1,False
F5256C40-7999-4369-B2F3-13418342219E,37,b207828969,868952207,OCoLC,z,d,ODN0001645388,z,True,True,,2,2,False
2C0AB64C-CA10-4BF3-AD83-1EFC8F85283B,37,b203109338,877989275,OCoLC,z,d,ODN0001518235,z,False,True,,0,1,False
5571E08E-7869-4061-A795-30A81E187C16,37,b203109867,891369554,OCoLC,z,d,ODN0001514362,z,True,True,,1,1,False
5B8EC862-7AB4-4564-867C-1E9C2041B87D,37,b203111229,877873507,OCoLC,z,d,ODN0001223369,z,True,True,,1,1,False
615B7888-D98A-40F2-BDFF-615EC383D761,37,b203113512,877900223,OCoLC,z,d,ODN0001492653,z,True,True,,2,2,False
9C8D2BFF-32B9-4701-B559-9C4375D3DF25,37,b203116355,865578036,OCoLC,z,d,ODN0001330597,z,True,True,,1,1,False
E54ACAA3-91A7-416D-8904-86DA05B024F1,37,b203118856,877889461,OCoLC,z,d,ODN0001420404,z,True,True,,1,1,False
325CA2CA-0537-4A50-83C2-7278D260F99B,37,b204937498,882260787,OCoLC,n,n,ODN0001775573,n,True,True,,1,2,False
0AF87BF8-3044-4CE5-89D5-77F2661837D2,37,b205055850,804894932,OCoLC,z,d,ODN0000902472,z,True,True,,1,1,False
2593F326-2DEE-4D91-878A-AF01BFE2B4B9,37,b205056374,76938103,OCoLC,z,d,ODN0000109278,z,True,True,,2,2,False
345B8871-FBAA-4434-B565-54C4FF48E47F,37,b20505674x,593541205,OCoLC,z,d,ODN0000291483,z,False,True,,0,2,False
48D579DB-D832-49D3-A186-6C7F90F94C64,37,b20505710x,431378828,OCoLC,z,d,ODN0000239926,z,True,True,,2,2,False
8E867685-BFDB-42C6-BCB7-97B404C64D7B,37,b205058656,173667351,OCoLC,z,d,ODN0000137175,z,True,True,,2,2,False
C304C0B5-2164-4D1B-932A-33C3F0E689DA,37,b205059934,669990467,OCoLC,z,d,ODN0000342817,z,True,True,,2,3,False
D95F4E7D-9A7A-48BE-8533-8EC72658F416,37,b205060456,423381684,OCoLC,z,d,ODN0000246282,z,True,True,,1,1,False
DD1EBEB1-2B79-43A3-9A77-38D4DDD14D95,37,b205060523,123959922,OCoLC,z,d,ODN0000123807,z,True,True,,1,1,False
9B10E8CD-BA56-41E3-BE20-4974017E9F74,37,b205382216,900606887,OCoLC,z,d,ODN0002013105,z,True,True,,2,2,False
CA9CAAF7-1BE4-4BD8-819F-5EA73EF0563A,37,b207824824,646843858,OCoLC,z,d,ODN0001273880,z,True,True,,1,1,False
15659AFA-651B-4B40-B693-DFE28124705C,37,b205870636,874877175,OCoLC,z,d,ODN0001329270,z,True,True,,1,1,False
764EF811-9A00-4993-8B58-610F402B0ABA,37,b207829111,874180354,OCoLC,z,d,ODN0002159075,z,True,True,,1,1,False
086D9876-667D-4688-B56B-00F2C8FC1437,37,b207829895,903973182,OCoLC,z,d,ODN0002158009,z,True,True,,2,2,False
B73AE6CE-318D-4D74-A76F-4668DBFBB90F,37,b207829457,884646172,OCoLC,z,d,ODN0002159444,z,True,True,,1,1,False
174CD554-FD14-4E84-AEA0-28A81CDDA6F1,37,b207829585,897341228,OCoLC,z,d,ODN0002159722,z,True,True,,1,1,False
81D5FCF6-A7B0-45B9-B44E-4C366587FD4C,37,b206139445,906831458,OCoLC,z,d,ODN0001895392,z,False,True,,0,1,False
64459AB2-526B-4EBD-95DD-F17D774C1220,37,b206301820,906814824,OCoLC,z,d,ODN0001914108,z,True,True,,1,1,False
4C1002B1-447E-4F9F-83A8-87720970DDCE,37,b206324443,907942506,OCoLC,z,d,ODN0002189878,z,False,True,,0,2,False
9D5E8DAB-61F3-494D-9B1E-6959F62A3718,37,b207399189,912874104,OCoLC,z,d,ODN0002115311,z,True,True,,1,1,False
23575666-36F4-4CE5-A398-BC0E8597A118,37,b207494368,259870283,OCoLC,z,d,ODN0000171113,z,True,True,,2,2,False
F51D9751-162D-4447-B355-A147385EAACB,37,b207599786,915139255,OCoLC,z,d,ODN0002307313,z,False,True,,0,1,False
8200B7E4-7995-42F2-910D-95025E448A54,37,b207599920,915139578,OCoLC,z,d,ODN0002307310,z,True,True,,1,1,False
9570E8CD-ABAB-4E56-BAFC-3AA88AE9B445,37,b207600697,915588634,OCoLC,z,d,ODN0002307502,z,True,True,,1,1,False
AD9F0335-299B-41E2-948C-1148CCB063A9,37,b207601720,915593524,OCoLC,z,d,ODN0002314082,z,True,True,,1,1,False
EBDC05B5-B85F-4AC9-8E93-5CE828A9AFD3,37,b207602505,915595568,OCoLC,z,d,ODN0002310007,z,True,True,,1,1,False
4C647D95-B474-4AC7-A7DB-DA0BCE82D160,37,b207602888,915596840,OCoLC,z,d,ODN0002309969,z,True,True,,1,1,False
0F69A1AA-CB8C-4C47-81A6-AB469FDC05C3,37,b207651693,319691048,OCoLC,z,d,ODN0002308608,z,True,True,,1,1,False
EA6FEB60-4385-4870-9926-F15739D4F4DE,37,b207651711,496755818,OCoLC,z,d,ODN0002313335,z,True,True,,1,1,False
4F276A06-6146-4645-B938-680DC574499E,37,b207651759,551369428,OCoLC,z,d,ODN0002308542,z,True,True,,1,1,False
0D25C525-891F-49E9-B4D5-A2AEC463E7D2,37,b207652053,705955011,OCoLC,z,d,ODN0002313048,z,True,True,,1,1,False
B2600432-5120-427E-B3A6-CDBBA504638A,37,b207652223,801405450,OCoLC,z,d,ODN0002314188,z,True,True,,1,1,False
A958C304-FD1D-45D2-A4AF-7F0A51A7C4F8,37,b207652831,900287567,OCoLC,z,d,ODN0002313565,z,True,True,,1,1,False
636AD2FB-F17D-4344-8379-14081F5F3A22,37,b20765296x,904721936,OCoLC,z,d,ODN0002307911,z,True,True,,1,1,False
B53C86C1-9A91-4EDA-9400-117F0A159511,37,b207653288,915973284,OCoLC,z,d,ODN0002307285,z,True,True,,1,1,False
7B10D7BD-5326-49D4-A16B-7CCAE1E1EB5E,37,b207653574,915976103,OCoLC,z,d,ODN0002307889,z,False,True,,0,1,False
208057FB-9A76-43F0-8E22-22BF061632A6,37,b207653598,915976418,OCoLC,z,d,ODN0002307903,z,True,True,,1,1,False
DB60AB31-5C00-435B-9E0A-D21B284D1184,37,b207653628,915976666,OCoLC,z,d,ODN0002308020,z,True,True,,1,1,False
6418BEBB-47FD-47F2-98EC-EB1004F07ED6,37,b207653690,915977125,OCoLC,z,d,ODN0002308228,z,True,True,,1,1,False
8663C0EE-F525-4935-9B55-EB64236D3562,37,b207653835,915978273,OCoLC,z,d,ODN0002308421,z,True,True,,1,1,False
A8DCCD95-40E3-4F1E-B7B5-5263986B0FB9,37,b207653938,915979117,OCoLC,z,d,ODN0002308628,z,True,True,,1,1,False
6A4F0D89-DF9A-4507-8AEB-BB90E981D3AC,37,b207653975,915979390,OCoLC,z,d,ODN0002309811,z,True,True,,1,1,False
C9EC7FDB-DD69-4929-8AD2-19B39123DAF6,37,b207654074,915980090,OCoLC,z,d,ODN0002307324,z,True,True,,1,1,False
09A7E170-26ED-4005-A976-8D93FF90AA9D,37,b207654128,915980505,OCoLC,z,d,ODN0002307377,z,True,True,,1,1,False
820AC9AB-8C6D-41F9-B078-1019CDD3640A,37,b207654311,915981862,OCoLC,z,d,ODN0002307699,z,True,True,,1,1,False
E3587344-BAA7-42DD-874E-20B82D96E2C6,37,b207654505,915982699,OCoLC,z,d,ODN0002308169,z,True,True,,1,1,False
3799300D-4663-4300-A425-4E2D71402FEF,37,b207654840,915991091,OCoLC,z,d,ODN0002307254,z,True,True,,3,3,False
44591B06-DA4C-4DF4-BC97-2B48AD1223D2,37,b207654955,915992063,OCoLC,z,d,ODN0002310795,z,True,True,,1,1,False
C9B78FBE-E111-404A-8180-0ACB15221B1E,37,b207655005,915992391,OCoLC,z,d,ODN0002310941,z,True,True,,1,1,False
2294C947-6701-4890-94B2-4E01C71A4E79,37,b207655145,915993344,OCoLC,z,d,ODN0002312850,z,True,True,,1,1,False
D67A71AE-46C9-4FEE-97B3-67D1681335F9,37,b207655157,915993371,OCoLC,z,d,ODN0002312799,z,True,True,,1,1,False
908C7658-8C3A-48DF-9588-104DBB6EA7C1,37,b207655303,915994429,OCoLC,z,d,ODN0002313248,z,True,True,,1,1,False
9FE05C0C-D9AF-4D1C-A320-8019AA36593F,37,b207655406,915995219,OCoLC,z,d,ODN0002313500,z,False,True,,0,1,False
245736A0-B4F2-4E20-AA71-B1D6013D3C94,37,b207655492,915996070,OCoLC,z,d,ODN0002313954,z,True,True,,1,1,False
3CA6720C-BEC7-4B7B-A860-EDDB1D63B56A,37,b207655546,915996261,OCoLC,z,d,ODN0002313985,z,True,True,,1,1,False
1D5A2B4C-A6FC-40E4-B2F5-B6BB561A77E4,37,b20765587x,915998975,OCoLC,z,d,ODN0002308124,z,True,True,,1,1,False
7F9F70E2-333D-4D5B-8B1F-4921C611ECE0,37,b207655960,915999426,OCoLC,z,d,ODN0002308184,z,True,True,,1,1,False
AE8DCA82-4915-422E-9C75-F9C27F189CE3,37,b20765640x,916002927,OCoLC,z,d,ODN0002307548,z,True,True,,1,1,False
3C01C163-9BF9-4A6A-9284-82937183E497,37,b207656526,916003817,OCoLC,z,d,ODN0002307720,z,True,True,,1,1,False
64FA97BF-6160-435F-87C4-5CDEFCF0A9F4,37,b207656599,916004471,OCoLC,z,d,ODN0002307870,z,True,True,,1,1,False
B5A3E875-28C9-4942-B9EF-FF47644B5EA7,37,b207656642,916004887,OCoLC,z,d,ODN0002308119,z,True,True,,1,1,False
E8B14492-BA54-4C6B-B29A-F108496A92FD,37,b207656873,916006657,OCoLC,z,d,ODN0002308387,z,True,True,,1,1,False
95266ACF-2097-4FB2-8D20-99794244A1E1,37,b207657233,916009096,OCoLC,z,d,ODN0002310730,z,True,True,,1,1,False
0575E2B9-1402-49FD-B98A-9D6A2BA11BF6,37,b207657580,916012656,OCoLC,z,d,ODN0002307295,z,True,True,,1,1,False
70289DC0-B6D3-43EE-AC6C-806DD1BB2550,37,b207657695,916013451,OCoLC,z,d,ODN0002307361,z,True,True,,1,1,False
C104DCAB-BB18-4EF7-B90C-F3456B95F430,37,b207658092,916016649,OCoLC,z,d,ODN0002308158,z,True,True,,1,1,False
5BE3E304-0B14-4F12-9F98-518CA7B81C7F,37,b207658171,916017487,OCoLC,z,d,ODN0002308318,z,True,True,,1,1,False
43734BB8-5837-4F7D-B030-EA4AE3DDFD11,37,b207658183,916017510,OCoLC,z,d,ODN0002308363,z,True,True,,1,1,False
83B2F2A4-0077-4D1D-B4EA-C8CE392840AB,37,b207658195,916017528,OCoLC,z,d,ODN0002308386,z,True,True,,1,1,False
B4039714-2E22-494C-BD18-32F880796A83,37,b207658249,916017993,OCoLC,z,d,ODN0002307269,z,True,True,,1,1,False
EFC63D84-2BCD-4FD0-BEE2-887C9DBC4452,37,b20765847x,916019760,OCoLC,z,d,ODN0002307628,z,True,True,,1,1,False
27891116-C4C9-4B30-983F-634AF4351280,37,b207658572,916020527,OCoLC,z,d,ODN0002307718,z,True,True,,1,1,False
26A865EE-C233-464C-9A07-E8B88CAEB0CC,37,b207658651,916021222,OCoLC,z,d,ODN0002307892,z,True,True,,1,1,False
8F91F7F7-C886-449D-91B8-36A2EC455055,37,b207658973,916024230,OCoLC,z,d,ODN0002307437,z,True,True,,1,1,False
B3FD3B37-A9D7-4B17-9FD0-466D3C223475,37,b207659102,916025392,OCoLC,z,d,ODN0002307673,z,True,True,,1,1,False
37F0C111-2972-4DBD-A2FA-6021CD65BE11,37,b207659138,916025637,OCoLC,z,d,ODN0002307832,z,True,True,,1,1,False
6DBBB703-28AF-411D-8206-4F4567A4D83B,37,b207659357,916027254,OCoLC,z,d,ODN0002308279,z,True,True,,1,1,False
1F8EC1E8-D59C-423A-8998-6AA7EB08890D,37,b207659400,916027600,OCoLC,z,d,ODN0002308399,z,True,True,,1,1,False
F3EA7E4A-790A-47B5-83B5-0E3BCE964D49,37,b207659606,916029125,OCoLC,z,d,ODN0002307389,z,True,True,,1,1,False
F769B33F-B942-4D6A-A95D-88CE74724E1C,37,b207659758,916030027,OCoLC,z,d,ODN0002307563,z,True,True,,1,1,False
AAFC881D-47FB-455B-85FE-61288070D70B,37,b207659898,916031246,OCoLC,z,d,ODN0002307914,z,True,True,,1,1,False
D8066021-B879-4279-97D7-39EEA0C62FAB,37,b207659989,916031829,OCoLC,z,d,ODN0002308133,z,True,True,,1,1,False
B9DC0313-5C88-41F0-B430-3BEF44C9DD46,37,b207660074,916032685,OCoLC,z,d,ODN0002308241,z,True,True,,1,1,False
2E39DFB0-208E-4679-ABA2-683B7B7B7EC5,37,b207660165,916033295,OCoLC,z,d,ODN0002308323,z,True,True,,1,1,False
E9F4D297-6B45-4C16-B0D7-F208BFABCD8E,37,b207660207,916033512,OCoLC,z,d,ODN0002308339,z,True,True,,1,1,False
7A6C1108-8615-46B2-80E4-C76D819DE8C6,37,b207660372,916034683,OCoLC,z,d,ODN0002308545,z,True,True,,1,1,False
5FF16F16-70A1-4B69-BE24-B7BC2DDBDC21,37,b207660785,916037968,OCoLC,z,d,ODN0002313157,z,True,True,,1,1,False
11FAD1E3-E13C-4669-A1C5-D0540F012FC0,37,b207661364,916042677,OCoLC,z,d,ODN0002308482,z,True,True,,1,1,False
F367FA6D-1B00-4A45-9C91-1CE3828D62E7,37,b207661637,916044934,OCoLC,z,d,ODN0002311164,z,True,True,,2,2,False
8E40895A-E621-4ED7-971A-92697BCE0E3B,37,b207661704,916045472,OCoLC,z,d,ODN0002311376,z,True,True,,1,1,False
3B5A9D7F-4F29-48FC-838C-606C19275D04,37,b207661959,916047412,OCoLC,z,d,ODN0002308224,z,True,True,,1,1,False
25C65F07-85F0-43A9-869D-E9160B232822,37,b207662162,916049010,OCoLC,z,d,ODN0002308448,z,True,True,,1,1,False
D2D71582-3B6C-4757-9E8C-DB4A1B348DAB,37,b207662241,916049871,OCoLC,z,d,ODN0002308566,z,True,True,,1,1,False
088BB01E-A997-4E0E-B28A-CF082F8D91C7,37,b207662769,916054650,OCoLC,z,d,ODN0002310561,z,True,True,,1,1,False
CA3EF76F-F6A8-447A-89B7-9BEADC86F523,37,b207662812,916055085,OCoLC,z,d,ODN0002310771,z,True,True,,1,1,False
0D819AC2-08ED-4216-81B1-3B173B6B2D8E,37,b207662915,916055733,OCoLC,z,d,ODN0002311430,z,True,True,,1,1,False
480A5AE8-951F-4F8F-8605-ADC2CA4B02EE,37,b207663208,916057841,OCoLC,z,d,ODN0002308565,z,True,True,,1,1,False
BA14C16C-8C7C-4A0E-B7DC-359FA5D37CAD,37,b207663403,916059702,OCoLC,z,d,ODN0002310296,z,True,True,,1,1,False
B453A9CC-EFEE-4142-8EBB-9C39050D9537,37,b207663415,916059730,OCoLC,z,d,ODN0002310445,z,True,True,,1,1,False
4D187C1B-93D7-40E4-BA65-60F467A9700A,37,b207663440,916059984,OCoLC,z,d,ODN0002310673,z,True,True,,1,1,False
36AD9D9F-26AF-4A57-B6C3-CB8EC9E00CBC,37,b207663476,916060371,OCoLC,z,d,ODN0002310917,z,True,True,,1,1,False
4B561995-222E-4A4B-93CA-AE22F00AA2F7,37,b20766352x,916060717,OCoLC,z,d,ODN0002311135,z,True,True,,1,1,False
C2C8C42F-A525-41A1-8825-D5FDA117B8B7,37,b207663580,916061387,OCoLC,z,d,ODN0002311549,z,True,True,,1,1,False
332B83A1-3235-4BD5-909F-8D2FBD8966C1,37,b207663750,916062753,OCoLC,z,d,ODN0002308355,z,True,True,,1,1,False
908ECCD0-B3FF-4409-B829-9C93920F000F,37,b207663804,916063101,OCoLC,z,d,ODN0002308412,z,True,True,,1,1,False
94A8408D-63D3-47EE-BEF8-51E91EBE89C0,37,b207664559,916070773,OCoLC,z,d,ODN0002313702,z,True,True,,1,1,False
121064C7-8B70-4C07-AA5B-765E606A8020,37,b207664808,916073327,OCoLC,z,d,ODN0002313303,z,True,True,,1,1,False
15BF8675-3C27-43D6-ADC3-B0DE1B5A0DCB,37,b207665278,916077567,OCoLC,z,d,ODN0002314015,z,False,True,,0,1,False
9CDFDB35-AAF8-484E-83DC-2247F02C61AF,37,b207665333,916078168,OCoLC,z,d,ODN0002314063,z,True,True,,1,1,False
7AE5EFA5-F9A3-40AA-B1DA-FD7FC34F1B6B,37,b207665497,916079434,OCoLC,z,d,ODN0002313361,z,True,True,,1,1,False
3E47FEDD-EFA9-4783-81AA-9F429467E567,37,b207665758,916081765,OCoLC,z,d,ODN0002314163,z,True,True,,1,1,False
6C57FAE0-39AC-46ED-A3B3-F5224570218A,37,b207666301,794979863,OCoLC,z,d,ODN0002311062,z,True,True,,1,1,False
3642D742-DF3C-4C1E-8FDA-614CEBD1B4BC,37,b207675879,761203965,OCoLC,z,d,ODN0002311368,z,True,True,,1,1,False
7342A2AD-63A9-4F98-9889-638F9E5FC073,37,b20767677x,917589277,OCoLC,z,d,ODN0002307615,z,True,True,,1,1,False
AFA160A9-1079-4307-AF2F-5E66769002F7,37,b207676847,917591643,OCoLC,z,d,ODN0002309202,z,True,True,,1,1,False
746FF29C-B670-4073-A5B0-3601DCBF9FAE,37,b20767713x,917602404,OCoLC,z,d,ODN0002338039,z,True,True,,1,1,False
C5910583-1074-4E94-BAF1-702297A7B19F,37,b207677426,917604396,OCoLC,z,d,ODN0002338161,z,True,True,,1,1,False
5829A555-E0A8-452F-9F92-F0E79E0EE423,37,b20767811x,917627922,OCoLC,z,d,ODN0002310560,z,True,True,,1,1,False
0C40578E-C2D7-41E3-B5DB-B430649B297E,37,b207778589,915582462,OCoLC,z,d,ODN0002192350,z,False,True,,0,1,False
0613B285-7A24-43C6-811C-F7B731E9C58B,37,b207778772,916044224,OCoLC,z,d,ODN0002309995,z,True,True,,1,1,False
69BAFFC2-CACF-4CFC-B088-4E314148DA9C,37,b207778814,916073213,OCoLC,z,d,ODN0002313286,z,True,True,,1,1,False
0A865985-F363-48B7-8E6F-80B529106A21,37,b20782423x,314833168,OCoLC,z,d,ODN0002309451,z,True,True,,1,1,False
BF736374-F807-401B-B195-66CAC040A33D,37,b207824289,319690993,OCoLC,z,d,ODN0002337815,z,True,True,,1,1,False
DF6F48B8-E980-4D36-A74C-59522B3978BE,37,b207824356,568922059,OCoLC,z,d,ODN0002338077,z,True,True,,1,1,False
6D75B84C-C366-4734-B83F-2A4A1B78D4AA,37,b20782440x,583217340,OCoLC,z,d,ODN0002309311,z,True,True,,1,1,False
D5077698-7238-4079-8704-E6D0A013473C,37,b20782471x,609854308,OCoLC,z,d,ODN0002311006,z,True,True,,1,1,False
3D2D753C-CF3F-47AF-A1A3-990D2B138D9F,37,b207824976,654353920,OCoLC,z,d,ODN0002309567,z,True,True,,1,1,False
41A857B7-741D-4A5F-86B0-D60EC94739E6,37,b207825178,681418158,OCoLC,z,d,ODN0002309151,z,True,True,,1,1,False
9A956CD6-6CC2-4BC0-A57A-ABC5D3AB4166,37,b207825336,706013919,OCoLC,z,d,ODN0002308030,z,True,True,,1,1,False
2D405143-07FE-4CDA-A977-7C844AA9DD0D,37,b207825397,720822782,OCoLC,z,d,ODN0002311529,z,True,True,,1,1,False
1A29742E-D4AA-4D6F-A0DE-69B9B2153220,37,b207825610,769664058,OCoLC,z,d,ODN0002310010,z,True,True,,1,1,False
D32A7607-7D5C-4457-B80E-132DC139632A,37,b207826109,830170597,OCoLC,z,d,ODN0002309427,z,True,True,,1,1,False
CDB2001E-3318-41D1-BF97-B4B39A56E249,37,b207826262,841333970,OCoLC,z,d,ODN0002309714,z,True,True,,1,1,False
80D11C55-BB46-4FE0-BB3A-B0EC3CD57788,37,b207826419,841333991,OCoLC,z,d,ODN0002309486,z,True,True,,1,1,False
417F2AFE-7E95-48A4-910E-2678A4DC9592,37,b207826717,841334036,OCoLC,z,d,ODN0002311383,z,True,True,,1,1,False
BB5BCF26-D110-430B-9030-41B66AD81335,37,b207826833,855704362,OCoLC,z,d,ODN0002309418,z,True,True,,1,1,False
D52A601A-5331-4498-925C-037C3ED2513D,37,b207827096,859200991,OCoLC,z,d,ODN0002309976,z,False,True,,0,1,False
52B25FA3-4026-4C52-A771-7550107D4B33,37,b207827102,859200997,OCoLC,z,d,ODN0002309111,z,True,True,,1,1,False
6DE87ECA-3F0C-44B6-ACCE-65637845B654,37,b207827382,859325024,OCoLC,z,d,ODN0002309241,z,True,True,,1,1,False
81EEC77D-B284-4F72-8CF1-2D3C6BA0A961,37,b207827692,860770801,OCoLC,z,d,ODN0002309716,z,True,True,,1,1,False
0F4E2471-5B06-43F1-9089-3967D53E9A57,37,b207827953,860833447,OCoLC,z,d,ODN0002310796,z,True,True,,1,1,False
5781DE59-40C4-4B9A-BD64-A494CCCAA086,37,b207828040,861220020,OCoLC,z,d,ODN0002309667,z,True,True,,1,1,False
88BAD953-85A5-406E-8846-9530F057273B,37,b207828118,861508433,OCoLC,z,d,ODN0002309569,z,True,True,,1,1,False
EDB3953F-D1AA-4AB4-ADC2-26432BB0B776,37,b207828258,861508707,OCoLC,z,d,ODN0002311005,z,True,True,,1,1,False
F71EA26C-3F5D-45CA-BDF1-6108F846DF85,37,b207828271,861508712,OCoLC,z,d,ODN0002309656,z,True,True,,1,1,False
F4795CDB-D07F-4BAB-8439-31B3C7030A9E,37,b207828404,861508988,OCoLC,z,d,ODN0002310647,z,True,True,,1,1,False
2DFA067A-138F-4E0F-8A13-6131D7847BA3,37,b207828465,861509049,OCoLC,z,d,ODN0002309437,z,True,True,,1,1,False
420C938F-56A6-4CF6-846E-37C8681556AC,37,b207828477,861509054,OCoLC,z,d,ODN0002309388,z,True,True,,1,1,False
C708964D-8BE7-4A3B-840E-F105AA0C3E50,37,b207828507,861509114,OCoLC,z,d,ODN0002310760,z,True,True,,1,1,False
4A0EE5AC-69A0-40B9-ABE0-D208A9185CD2,37,b207828647,861787230,OCoLC,z,d,ODN0002311188,z,True,True,,1,1,False
02845BB9-3B28-43CE-8CD3-EE07BF2F82CB,37,b207828714,865580018,OCoLC,z,d,ODN0002323279,z,True,True,,1,1,False
8DB31F85-9A3B-45D6-8C03-0349B6560DFE,37,b207828751,867135663,OCoLC,z,d,ODN0002309877,z,True,True,,1,1,False
2C9EA98D-0250-4507-A9CF-16379FFDAFF2,37,b207828829,867139220,OCoLC,z,d,ODN0002309858,z,True,True,,1,1,False
3FE26EBE-AD0A-4FFF-B306-9C563FC88671,37,b207829044,871069543,OCoLC,z,d,ODN0002310860,z,True,True,,1,1,False
3613C58D-A653-4A06-AD07-5724AC59D897,37,b20782910x,873818998,OCoLC,z,d,ODN0002309489,z,True,True,,1,1,False
4FA12650-F5C1-4F25-8F5D-B7F331BBB3FE,37,b207829299,881684220,OCoLC,z,d,ODN0002311464,z,True,True,,1,1,False
3CD84435-5C1A-492D-8C7B-9DB6D0A6929F,37,b207830204,918139746,OCoLC,z,d,ODN0002307522,z,True,True,,1,1,False
3444B331-8A55-4CEA-9CBF-2F08FB4A7262,37,b207830228,918141200,OCoLC,z,d,ODN0002336721,z,True,True,,1,1,False
3A797E8C-5BE2-49C4-9598-43391D9BF8B0,37,b207830411,918187730,OCoLC,z,d,ODN0002336660,z,True,True,,1,1,False
24D6D329-BD73-43F4-A296-F6C701668691,37,b207830691,918285494,OCoLC,z,d,ODN0002309139,z,True,True,,1,1,False
E29B55CF-2821-4266-AE63-3ACD9AF04385,37,b20783085x,918287456,OCoLC,z,d,ODN0002309338,z,True,True,,1,1,False
FD5DF4E9-327C-4CD0-B2AC-7C559E103696,37,b207830952,918287981,OCoLC,z,d,ODN0002309137,z,True,True,,1,1,False
B69602FC-D648-439E-9E88-E3383EC19BF6,37,b207830988,918288508,OCoLC,z,d,ODN0002309436,z,True,True,,1,1,False
340125B2-4806-40F3-A763-76994CF8CF6D,37,b207831038,918289261,OCoLC,z,d,ODN0002307518,z,True,True,,1,1,False
31C77119-E8FB-4FE6-AE64-D8F54363BD8F,37,b207831257,918291639,OCoLC,z,d,ODN0002307525,z,True,True,,1,1,False
8F6A4359-4090-4D1B-A4AD-6308B6581F0C,37,b207831373,918293012,OCoLC,z,d,ODN0002307880,z,True,True,,1,1,False
01038033-A590-4385-9CCF-9A3D71ED1F75,37,b207831427,918293395,OCoLC,z,d,ODN0002309254,z,True,True,,1,1,False
C8857535-07E2-48F0-B32A-F141D3CEF246,37,b207831853,918296553,OCoLC,z,d,ODN0002336606,z,True,True,,1,1,False
F648FD2C-5DB6-4A59-B3CF-039047E971D0,37,b207831932,918297017,OCoLC,z,d,ODN0002309800,z,True,True,,1,1,False
FB41082A-59E7-4D5C-BC7A-440A1CA77B18,37,b207832390,918301227,OCoLC,z,d,ODN0002336725,z,True,True,,1,1,False
3ADE24E9-4A13-4FDE-8C34-6899313B6B4B,37,b207832432,918301622,OCoLC,z,d,ODN0002336755,z,True,True,,1,1,False
01FB5B9F-6D6E-42DA-BABD-49F6BB17EB0C,37,b207832572,918303639,OCoLC,z,d,ODN0002309477,z,True,True,,1,1,False
36823F8F-31F0-48C9-A2B8-A3F60643246D,37,b207832584,918303736,OCoLC,z,d,ODN0002309756,z,True,True,,1,1,False
0BFA9D94-E1BD-4A86-BCB5-48EC0073E770,37,b207832742,918305276,OCoLC,z,d,ODN0002336557,z,True,True,,1,1,False
24226DA8-30C2-4FEE-8B55-CD2BDB93CB76,37,b207833138,918308360,OCoLC,z,d,ODN0002336651,z,True,True,,1,1,False
2A018F69-5346-4652-BAED-D521D279F898,37,b207833229,918309010,OCoLC,z,d,ODN0002336860,z,False,True,,0,1,False
01C50D46-3D8E-402A-A322-FDE8038F7DCE,37,b207833539,918311288,OCoLC,z,d,ODN0002310977,z,True,True,,1,1,False
F24F3C26-740F-4769-B047-FB5E6F4C5468,37,b207833643,918312169,OCoLC,z,d,ODN0002336724,z,True,True,,1,1,False
8F72826A-1427-42E3-B8A6-C1A9C172273A,37,b20783393x,918314177,OCoLC,z,d,ODN0002336552,z,True,True,,1,1,False
063E2380-5FDC-4B60-A145-9C2DF28178A1,37,b207833965,918314491,OCoLC,z,d,ODN0002336590,z,True,True,,1,1,False
4EDF1035-1643-4D85-8633-FA39A46B3387,37,b207833990,918314658,OCoLC,z,d,ODN0002336638,z,True,True,,1,1,False
2D55403E-7E32-467A-9A01-32651D16C5F3,37,b207834179,918316077,OCoLC,z,d,ODN0002336932,z,True,True,,1,1,False
DDF861B6-4D14-42DA-97FD-1DA00DD67C9B,37,b207834507,918319396,OCoLC,z,d,ODN0002337822,z,True,True,,1,1,False
92DB07CA-F128-4427-AFDD-1750402C6CE6,37,b207834726,918321529,OCoLC,z,d,ODN0002337526,z,True,True,,1,1,False
689AE500-C663-4F5F-A4C1-17A2A0E78CBA,37,b207834751,918321836,OCoLC,z,d,ODN0002337838,z,True,True,,1,1,False
4A466DD7-24FB-415D-9784-0256429FD6FC,37,b207835160,918325200,OCoLC,z,d,ODN0002338159,z,True,True,,1,1,False
E44943C2-2658-4597-BFF7-6881D9B4C561,37,b207835251,918326102,OCoLC,z,d,ODN0002337405,z,True,True,,1,1,False
55A1FBBB-63F2-41F3-8C3F-C9034479661B,37,b207835317,918326560,OCoLC,z,d,ODN0002337558,z,True,True,,1,1,False
4736F219-E699-475B-B9B2-C333844126D7,37,b207835330,918326603,OCoLC,z,d,ODN0002337865,z,True,True,,1,1,False
68215134-459B-4893-9DBB-6E884B79CC3B,37,b207835469,918327871,OCoLC,z,d,ODN0002338170,z,True,True,,1,1,False
807F1299-83A9-4498-9AB4-394350224507,37,b207835500,918328304,OCoLC,z,d,ODN0002336624,z,True,True,,1,1,False
80502FA0-AA64-4388-98BD-4CDA3E23151D,37,b207835780,918330209,OCoLC,z,d,ODN0002338001,z,True,True,,1,1,False
E79DF834-C805-426A-ADB8-A0D4628F3FCB,37,b207835895,918331497,OCoLC,z,d,ODN0002309351,z,True,True,,1,1,False
EBB9F910-D11E-48AA-9017-59C296939431,37,b207836127,918333087,OCoLC,z,d,ODN0002311085,z,True,True,,1,1,False
6FF3C9D4-6CB1-47B5-A65F-EE11AAD6CA92,37,b207836401,918335829,OCoLC,z,d,ODN0002337401,z,True,True,,1,1,False
794C92F3-924A-4F61-9F8C-3CD2429DC573,37,b207836437,918336088,OCoLC,z,d,ODN0002337493,z,True,True,,1,1,False
32708F6E-7EF6-4B74-850A-D3723C9ADE8D,37,b207836486,918336447,OCoLC,z,d,ODN0002337841,z,True,True,,1,1,False
89FFD94B-4FCB-4AC9-8129-2E1288AC8F21,37,b207836668,918562158,OCoLC,z,d,ODN0002307901,z,True,True,,1,1,False
457ED703-9A12-4A8B-9D2C-EBE51745DA3E,37,b207850434,907453925,OCoLC,z,d,ODN0002307926,z,True,True,,1,1,False
96D651AA-A421-46BE-8C11-420AED09E533,37,b207850719,916067358,OCoLC,z,d,ODN0002311192,z,True,True,,1,1,False
BB43017E-0C60-4881-9110-648A20A91015,37,b207859668,184906778,OCoLC,z,d,ODN0000140839,z,False,True,,0,1,False
5BF0C164-4ACF-4A7B-9E16-97A1DDA4B16D,37,b207860178,234314253,OCoLC,z,d,ODN0000161856,z,True,True,,1,1,False
7DD3A81B-E14B-461A-8797-2DA34ACF080C,37,b207861079,435534349,OCoLC,z,d,ODN0000240444,z,True,True,,2,2,False
7408A9EE-F69E-4D15-A41D-E355C38AB5ED,37,b207861092,435641341,OCoLC,z,d,ODN0000179640,z,True,True,,1,1,False
66693262-1F4F-4774-BECB-2DA48FF5EFFA,37,b207861584,476253742,OCoLC,z,d,ODN0000261094,z,True,True,,1,1,False
89EE7745-5590-43FB-8676-4A54E7E7B8E1,37,b207861675,502282216,OCoLC,z,d,ODN0000264556,z,True,True,,2,4,False
3A79C744-5B0B-4017-AD62-55D1AE98D244,37,b207861894,603574149,OCoLC,z,d,ODN0000287667,z,True,True,,2,2,False
2D81B471-6E1A-4235-A2C9-14C97EB1D22C,37,b207862138,650825912,OCoLC,z,d,ODN0000332915,z,True,True,,2,2,False
618BAACC-E5C0-4C11-81CE-B73514EC7CED,37,b207863921,730495669,OCoLC,z,d,ODN0000462689,z,True,True,,1,1,False
006A99F2-9786-4047-95CA-DDA62592F9B1,37,b207864755,76904731,OCoLC,z,d,ODN0000106419,z,True,True,,1,2,False
55128E6C-98BF-460F-A6B5-6D237E174922,37,b207864834,71262025,OCoLC,z,d,ODN0000109296,z,False,True,,0,1,False
816024CF-9EC9-48FF-8E04-29E1F3C942A1,37,b207866272,798081799,OCoLC,z,d,ODN0000801080,z,True,True,,1,1,False
7AA4D1B4-C6FE-4ECB-9017-81300282FC47,37,b207867045,815771378,OCoLC,z,d,ODN0001015134,z,True,True,,1,1,False
615406FC-C20D-44A2-BFC5-E9140ED33C88,37,b207868530,841488818,OCoLC,z,d,ODN0001242692,z,True,True,,1,1,False
7BFA4F94-A028-4827-9A1D-52C768656100,37,b207870214,878978320,OCoLC,z,d,ODN0001542864,z,True,True,,1,1,False
2FF6A404-0311-4F23-AE41-04C83B7BC30B,37,b207871152,892489978,OCoLC,z,d,ODN0001764823,z,True,True,,1,1,False
ADE70A2C-BFC2-4A76-99B0-ADC5092C4FC8,37,b207872557,906028757,OCoLC,z,d,ODN0001771019,z,True,True,,3,3,False
D7D6E11A-3F9A-42BC-8DE6-6374965B32A5,37,b207874554,912874836,OCoLC,z,d,ODN0002192409,z,True,True,,2,2,False
9EA7F2C6-DF45-4EE8-B0BF-F184D061DF16,37,b207921386,646802723,OCoLC,z,d,ODN0000304515,z,True,True,,1,1,False
583C85DD-1F43-4B17-9F00-4679D148601B,37,b207962777,761159114,OCoLC,z,d,ODN0002309048,z,True,True,,1,1,False
9C0A40DA-CACD-43C9-A63C-4E20EC8BBDD0,37,b207963058,918318731,OCoLC,z,d,ODN0002337524,z,True,True,,1,1,False
7151F350-40CA-4E22-8AD1-2ECD42C49803,37,b207963150,918324510,OCoLC,z,d,ODN0002337529,z,True,True,,1,1,False
2C136F7E-172A-4569-89C8-62CF3D329420,37,b208032125,919727407,OCoLC,z,d,ODN0002192261,z,True,True,,1,1,False
A3445E02-7A43-43AD-BEF5-15112CCA0579,37,b208234342,435639511,OCoLC,z,d,ODN0000234263,z,True,True,,1,1,False
4F4AEEF8-C5FA-4347-814C-596CD2558F9D,37,b208237653,920685214,OCoLC,z,d,ODN0002062244,z,True,True,,1,1,False
C36E7962-BE93-43C1-95E5-2D9A2F9ED802,37,b208272458,908108466,OCoLC,z,d,ODN0002102554,z,True,True,,2,3,False
F720F8B9-9518-427B-A414-77B543F09556,37,b20842250x,785826873,OCoLC,z,d,ODN0000618637,z,True,True,,2,2,False
C9EA2F2F-1877-441E-A432-96F525118FEC,37,b208422717,806484014,OCoLC,z,d,ODN0000904009,z,True,True,,1,2,False
3DA97D65-B145-41A6-958B-4BCB49524AD5,37,b208451778,908203740,,z,d,ODN0000726792,z,False,True,,0,1,False
483692BA-A3C1-418B-B3F3-0E8F04572B85,37,b208471388,907677175,OCoLC,z,d,ODN0002097272,z,True,True,,1,2,False
797E9017-5D3D-4952-BC2A-E7D0A6DA3287,37,b208600012,238784521,OCoLC,z,d,ODN0000151703,z,True,True,,1,1,False
9419CADA-236D-4D37-AD4A-2DCA53AD4DEB,37,b208630107,681167291,OCoLC,z,d,ODN0002514403,z,True,True,,1,1,False
C6FCAB40-44D7-4161-AA20-7EE60AA510F4,37,b208630260,844712359,OCoLC,z,d,ODN0002425025,z,True,True,,1,1,False
9C1037F0-AE31-4D26-A9B5-662DC014E608,37,b208637370,911180392,OCoLC,z,d,ODN0002044780,z,True,True,,1,1,False
D28AD568-DB21-4079-86B2-9BA309FC2167,37,b208659560,643679840,OCoLC,z,d,ODN0002355254,z,True,True,,1,1,False
CC1167AD-ACF3-43AD-88DE-A9DF8B887778,37,b208671262,932012986,OCoLC,z,d,ODN0002155645,z,True,True,,1,1,False
64245F17-206F-4212-9688-537968B15AB3,37,b208673441,910668147,OCoLC,z,d,ODN0002230855,z,True,True,,1,1,False
7DF113B4-63BB-45B5-808C-65156DC1B077,37,b208706288,933733826,OCoLC,z,d,ODN0002276440,z,True,True,,2,2,False
1E3888ED-6EF6-46C7-A7BF-AFE0E1F77E50,37,b208734946,933297774,OCoLC,z,d,ODN0002355265,z,True,True,,1,1,False
8F3CB965-D8CE-4F0F-A8FB-5C7439DEE1B9,37,b208795327,434006643,OCoLC,z,d,ODN0000209238,z,True,True,,1,1,False
456222D1-3FDB-4EE4-87EC-AE583FA3BBD0,37,b20879542x,496246562,OCoLC,z,d,ODN0000287582,z,True,True,,2,2,False
FB2F571D-67D3-408D-B569-A0CC5B14A696,37,b20879699x,841414051,OCoLC,z,d,ODN0001042534,z,True,True,,1,1,False
2CDDD127-E083-4557-B79D-1FCA3F840C79,37,b20883512x,928763118,OCoLC,z,d,ODN0002434546,z,True,True,,1,1,False
97832F59-7AB6-4ACD-921E-7E3A2ABE491F,37,b208835428,841311893,OCoLC,z,d,ODN0002411425,z,True,True,,1,1,False
59A0390A-1225-4B87-8551-3938C19FF739,37,b208932185,936710115,OCoLC,z,d,ODN0002568122,z,True,True,,1,2,False
F0BAC827-0BFC-4879-B061-07618691D36E,37,b209036874,936117903,OCoLC,z,d,ODN0002205379,z,True,True,,1,1,False
F020BD3D-CBBA-497C-9BE0-F895E3454759,37,b209145614,928762550,OCoLC,z,d,ODN0002434710,z,True,True,,1,2,False
97A8F075-73F3-4875-8297-42D168661AE2,37,b209188765,904425585,OCoLC,z,d,ODN0002504843,z,False,True,,0,2,False
104FCFD4-001E-4908-B0F5-A7C4D26D85A1,37,b209189526,314835231,OCoLC,z,d,ODN0002381114,z,True,True,,1,1,False
04755D0C-2DCA-4B3E-8CF7-EE6A0977B84C,37,b209294401,503147813,OCoLC,z,d,ODN0000212610,z,True,True,,1,1,False
C4A4FB5B-3D16-4649-AAAA-B2900A1ADEC9,37,b209294413,503292516,OCoLC,z,d,ODN0000212699,z,True,True,,1,1,False
242CE10C-AB49-4807-87A1-CB21C8350517,37,b209294826,688615286,OCoLC,z,d,ODN0000452419,z,True,True,,1,1,False
A6A3D0C1-0556-4272-BE62-CE2ED4E932D8,37,b209295120,728059375,OCoLC,z,d,ODN0000351041,z,True,True,,1,1,False
C5E2E6F5-EE76-4FA5-B5E0-F7435D0AC6F1,37,b209301740,892114718,OCoLC,z,d,ODN0002546804,z,True,True,,2,2,False
78751C10-4C45-4911-9888-1DEA4013CD5B,37,b209405545,942740521,OCoLC,z,d,ODN0002404682,z,True,True,,1,1,False
3789BF6B-0490-448E-A0DD-FB069BA154B7,37,b209405600,942740860,OCoLC,z,d,ODN0002335434,z,False,True,,0,2,False
5543FA49-63A2-46E0-9515-7EA7C4654BEC,37,b209405946,933840800,OCoLC,z,d,ODN0000461752,z,True,True,,1,1,False
E8C90D7B-CF91-4572-8FA5-8FCFFF3A64DC,37,b209443480,933297714,OCoLC,z,d,ODN0002355252,z,True,True,,1,1,False
A79D7451-A9A5-42B7-969D-F474ED7A26EF,37,b20946060x,936707267,OCoLC,z,d,ODN0000606303,z,True,True,,1,1,False
A36B8AEA-8856-4FDB-B978-4646190BA514,37,b209461457,945970864,OCoLC,z,d,ODN0002404720,z,True,True,,1,1,False
3F5C531E-5FD8-4B13-A590-9B5B7479506C,37,b209566516,891789607,OCoLC,z,d,ODN0002596904,z,False,True,,0,2,False
A4FBBFD9-CB20-4B72-BA90-3E26CFCC13EA,37,b209569281,948194094,OCoLC,z,d,ODN0002661547,z,True,True,,1,1,False
CE72B7D7-E8C9-4925-99E5-E473502FCDE9,37,b209572140,948612792,OCoLC,z,d,ODN0002404692,z,True,True,,1,1,False
84334E45-2231-4C00-9B57-43A02E688A8B,37,b209572851,931599469,OCoLC,z,d,ODN0002689792,z,True,True,,1,1,False
D5F545AF-06B2-4A7D-9078-4D0C2213181A,37,b209602260,949258186,OCoLC,z,d,ODN0002689784,z,True,True,,1,1,False
C7B59EA5-51AE-4E2E-9711-4C049DE27B97,37,b209602521,936687779,OCoLC,z,d,ODN0002355958,z,True,True,,2,2,False
62571BC0-B659-42E9-A86E-378F77EFC8CF,37,b209657972,940953988,OCoLC,z,d,ODN0002570163,z,True,True,,24,25,False
A0EB0F89-8CAC-4861-A10A-3B54570C2870,37,b20968902x,948595849,OCoLC,z,d,ODN0002504596,z,True,True,,1,1,False
F9D158B4-8BCB-4587-905A-F21F73B1FE4A,37,b209689237,949763422,OCoLC,z,d,ODN0002349267,z,True,True,,1,2,False
CF62B82C-E385-4A04-A066-4C32FEA9EBBE,37,b210055571,885008819,OCoLC,z,d,ODN0002736584,z,True,True,,1,1,False
4940AB5F-2001-443C-9051-4038A481FF73,37,b210055674,909022890,OCoLC,z,d,ODN0002717187,z,True,True,,1,1,False
9FE8D77C-781D-4686-8922-72A51D96EDCF,37,b210057488,950571802,OCoLC,z,d,ODN0002717154,z,True,True,,1,1,False
E5824420-3135-449A-ABB8-C4D17EB4A969,37,b210058997,951464508,OCoLC,z,d,ODN0002736395,z,False,True,,0,1,False
23990CAE-6A75-4FAF-A3E9-6998C336429E,37,b210090352,952334151,OCoLC,z,d,ODN0002706322,z,True,True,,1,1,False
DF24BC64-CAD1-49CB-B5D4-7B4E065A0012,37,b210393671,898155622,OCoLC,z,d,ODN0002736678,z,True,True,,1,1,False
2F7A09AA-9B88-4209-B7CC-29014B338AA6,37,b210393683,898156062,OCoLC,z,d,ODN0002736138,z,True,True,,2,2,False
00E47FED-8D53-48DA-AD0C-5E96FB572556,37,b210394006,953171684,OCoLC,z,d,ODN0002666012,z,True,True,,1,1,False
99C65626-CA6D-4B99-921A-AF9F2F5859C9,37,b210394092,953173043,OCoLC,z,d,ODN0002819279,z,True,True,,1,1,False
EABD7232-92CE-47D9-907E-7AE24E9F964C,37,b210394109,953173152,OCoLC,z,d,ODN0002736534,z,True,True,,1,1,False
174B0DB7-A6DE-4116-9086-303D8FBF0A3E,37,b210394122,953173169,OCoLC,z,d,ODN0002736426,z,True,True,,1,1,False
EE68C1DF-B437-44B3-8277-6BC2BE64A1FB,37,b210404577,581614179,OCoLC,z,d,ODN0002736365,z,True,True,,1,1,False
92DAADC9-A398-4227-8A66-3548AAE6C1E6,37,b210404863,953576995,OCoLC,z,d,ODN0002833435,z,True,True,,1,1,False
73355D51-8059-4AB3-A746-1899A24365AC,37,b210495030,952025226,OCoLC,z,d,ODN0002736549,z,True,True,,1,1,False
FD12AC35-187C-4ADA-8605-FA06E0286AF5,37,b210768484,945653968,OCoLC,z,d,ODN0002506928,z,True,True,,1,1,False
E1F41968-A8C4-4A2F-820B-B9B3BA96C2B5,37,b211132500,957346423,OCoLC,z,d,ODN0002546306,z,True,True,,3,3,False
9C07D86C-99A0-45D6-AD4F-8F6204CF3D40,37,b211195959,496248487,,z,d,ODN0000275050,z,False,True,,0,1,False
067C54E3-A2FC-4281-B688-F3A7B152A49A,37,b211196071,606364881,,z,d,ODN0001455001,z,True,True,,1,1,False
6DD9D13B-E5DB-454D-B133-8863B8238675,37,b211197087,793395145,,z,d,ODN0000672336,z,True,True,,1,1,False
F4C80BE4-8CE3-4CA2-8113-5469F74FFE5F,37,b211200323,957648730,,z,d,ODN0002841550,z,True,True,,2,2,False
4CE15EF4-FDA8-4D1B-B36E-D3526DA14A13,37,b211200384,957648817,,z,d,ODN0002650748,z,True,True,,2,2,False
B9A5D596-48C7-4AAB-93C7-4F6B441284A4,37,b211268276,898484114,,z,d,ODN0001974667,z,True,True,,1,1,False
13F67F10-C209-41A0-AB75-8F6AB2396BBD,37,b211443785,519636523,,z,d,ODN0000261216,z,True,True,,1,1,False
46634E04-E5FA-4249-B799-7522C1B7D8ED,37,b211504002,959831537,,z,d,ODN0002686043,z,True,True,,2,2,False
E41B6CE7-7A85-4290-8687-D4898275C6DB,37,b211594878,471965756,,z,d,ODN0000251832,z,True,True,,1,1,False
8A3B0207-93E0-4C98-AA72-FFEDFBDE27D3,37,b21159524x,681441670,,z,d,ODN0000275901,z,True,True,,1,1,False
43B0D142-7C2F-4EA3-A9E7-14DAEF2ED385,37,b211601299,954463807,,z,d,ODN0002765577,z,True,True,,1,1,False
A05E96E2-CC71-45CB-B994-A443BC86423C,37,b211704404,967559001,,z,d,ODN0002754074,z,True,True,,1,1,False
53035F74-6ADF-456B-82E8-A6931356EEDE,37,b211709815,934678108,,z,d,ODN0002301613,z,True,True,,1,1,False
613103C1-798E-4C30-ABFB-A557C71C01FD,37,b211709955,952024259,,z,d,ODN0002602233,z,True,True,,1,1,False
F63E013C-08DA-4937-B239-BF59845EB518,37,b211737835,971243180,,z,d,ODN0001987845,z,True,True,,1,1,False
206A2BEC-6F83-4E41-AACB-840DF6304577,37,b211762076,971026428,,z,d,ODN0002704269,z,True,True,,1,2,False
10058C07-885C-4135-A756-FE416B8CD281,37,b211860001,968706042,,z,d,ODN0003122478,z,True,True,,2,2,False
4E64FF27-5F9A-447F-9358-234B9F128F79,37,b211934756,974211521,,z,d,ODN0002911256,z,True,True,,2,2,False
49D23D8E-7ED9-40AB-98CB-0F0E77047B35,37,b211935839,969126927,,z,d,ODN0003041905,z,False,True,,0,3,False
2D51692F-DA0F-48AE-A6D2-39841C2C7E79,37,b21209452x,976035985,,z,d,ODN0003082224,z,True,True,,1,1,False
CE017502-A3AD-40A1-A46A-0776686C7F37,37,b212146580,974718651,,z,d,ODN0003082198,z,True,True,,1,1,False
10F7482B-0E34-42E6-A547-5ADF4B473F9D,37,b212558134,974210432,,z,d,ODN0002815700,z,True,True,,1,2,False
CDAC0719-1878-412F-9AA1-B3DBD70B41F8,37,b212651997,934806806,,z,d,ODN0002543987,z,False,True,,0,1,False
6EC05824-1297-4E50-82DF-11675FDDEDCF,37,b212657033,252065146,,z,d,ODN0002914098,z,False,True,,0,1,False
F29C9559-ED37-41F3-97B2-765523F9AD6E,37,b212666642,981123205,,z,d,ODN0003124478,z,True,True,,1,1,False
6F86F439-75A7-42B5-B1AD-74A8F30307A2,37,b212667269,982113704,,z,d,ODN0003116631,z,True,True,,2,2,False
890BE4AE-A855-4561-8D24-A3649827414E,37,b212736814,985347544,,z,d,ODN0003148821,z,True,True,,1,1,False
2E659707-AEB8-4E63-A7EE-74BE29CF1B98,37,b212837047,989062833,,z,d,ODN0003028117,z,True,True,,2,2,False
D95FEB65-011B-493B-83B8-F766972D9732,37,b212837138,989078313,,z,d,ODN0003021765,z,True,True,,2,2,False
E742580E-87DB-48FF-9E8C-816631335930,37,b212889631,985341007,,z,d,ODN0003148793,z,True,True,,1,1,False
8B371D8F-0804-49F5-B608-69A434368570,37,b212925957,951016722,,z,d,ODN0002434493,z,True,True,,1,1,False
D27E2330-2538-43A2-8246-818292449ECC,37,b213263464,992169679,,z,d,ODN0003070513,z,True,True,,3,3,False
B69DFB7A-8838-4E9C-A9D4-A34DF601B08D,37,b213673253,874960968,,z,d,ODN0000543849,z,True,True,,1,5,False
88F408BF-71F7-4C95-9E18-2667B3CCE3E3,37,b214083160,1011684162,,z,d,ODN0003166099,z,True,True,,4,4,False
EFF38A1B-9DC6-4D4E-BA80-90EDDB21AC36,37,b214736660,1013992592,,z,d,ODN0003442890,z,True,True,,1,2,False
129D1C1C-D967-41CE-AAD1-11B9E9E0A76F,37,b214904490,1019822866,,z,d,ODN0003566749,z,True,True,,1,2,False
57B173A9-75B8-44CC-897B-A9FD5D6CF295,37,b21505216x,976406024,,z,d,ODN0003695478,z,True,True,,2,3,False
DC962884-CD95-444A-8C4D-184266CDC07A,37,b215598313,1031996332,,z,d,ODN0003368716,z,True,True,,1,1,False
44531CE9-E310-478F-952A-0F83C0E975C1,37,b221315524,w880847302,OCoLC,n,n,ODN0001507222,n,True,True,,1,5,False
