0129E915-9AB4-46B5-9578-A0E1065DE764,037,b185361699,550571372,OCoLC,n,d
95418A6C-9214-4197-921F-DE510A896AB3,037,b185361705,550604870,OCoLC,n,d
762D526D-1E51-4A50-9584-5A343E28C2C9,037,b185361717,550604991,OCoLC,n,d
F2C34225-B694-409C-8873-B5F1AD7035C9,037,b185361730,550624984,OCoLC,n,d
F63D172A-D139-46A7-BF81-3F3725A891FF,037,b185361742,550625095,OCoLC,n,d
AB530621-474E-41F5-B82C-517FFEA5264E,037,b185361754,550635250,OCoLC,n,d
450A9A54-47FC-4302-B397-44D5D2375899,037,b185361766,550642774,OCoLC,n,d
76D6D724-3FAC-4180-90C0-E170433E17E8,037,b185361778,551118653,OCoLC,n,d
4ADC2516-4402-4046-A92E-111000D0C60C,037,b185361791,551127890,OCoLC,n,d
2D4082CC-32A5-4218-A333-274312E978DD,037,b185361808,551141449,OCoLC,n,d
9B4DD1F3-BF0A-4B61-9F69-0BB586959EB0,037,b185362102,609711116,OCoLC,n,d
4B758394-A032-424C-9D91-46CE35D3C8CA,037,b185362114,436941904,OCoLC,n,d
70B09D38-3FAB-4E7E-883B-45ABC11220AC,037,b185362126,609717378,OCoLC,n,d
87E9E40F-194D-4127-A6F4-3D1703D5A529,037,b185362138,437009212,OCoLC,n,d
7578FC48-708C-4512-9BC7-AA68D88FA131,037,b18536214x,437014647,OCoLC,n,d
8674CFBA-0DD2-427B-BD02-587250348983,037,b185362151,609873732,OCoLC,n,d
B713DF30-4411-441D-A05A-E7F2264DD4F8,037,b185362163,609883903,OCoLC,n,d
F33DA32E-8734-4477-A9C6-C9CC3C137009,037,b185362175,609884013,OCoLC,n,d
EC9FCDA2-7726-4D33-9F7D-A1C591389B2B,037,b185362187,609890347,OCoLC,n,d
6FFCFF37-2832-4105-AC65-C6B2975C9677,037,b185362229,450840955,OCoLC,n,d
EEAC2AEE-0FA6-462F-A967-68C665BDD15C,037,b185362254,461002282,OCoLC,n,d
DD16E18A-4FC7-4B5D-9FFD-51D1D5D624A1,037,b185362291,550568701,OCoLC,n,d
69347C2E-E6DA-4E0F-B877-58F0C52E9149,037,b185362370,181086033,OCoLC,n,d
F08E21BB-13DB-4162-A13A-44E50235BD3C,037,b185362412,276306784,OCoLC,n,d
2A063065-7E7E-481F-A8A5-5B15A0DC5E89,037,b185362473,444510604,OCoLC,n,d
CD383627-36DB-4B5A-8138-F11887787ECE,037,b185362552,465070301,OCoLC,n,d
3A06DA91-577B-484B-8102-ECF9A57200BA,037,b185362576,472613475,OCoLC,n,d
74D36738-FA36-496A-BB16-1C2BB59866F1,037,b18536259x,505957090,OCoLC,n,d
15B8F953-1C29-47A6-A53F-B8D6B1357C52,037,b185362734,550604792,OCoLC,n,d
55949825-5299-4182-B513-409D3D37C0DD,037,b185363143,456207697,OCoLC,n,d
6346EAF0-50B3-4B98-9FF2-6A458F8F60A6,037,b185363180,456244155,OCoLC,n,d
15583FB7-4030-4E79-91F5-DBF5EA181397,037,b185363209,456299339,OCoLC,n,d
B9069502-130F-49E8-8780-3C4DAD75FCD8,037,b185363210,462397763,OCoLC,n,d
F5D3EB90-7422-4032-809E-BF3F941D2ED0,037,b185363222,462763103,OCoLC,n,d
8FBDCC68-2474-4997-93E9-DFBC388F109C,037,b185363246,462774367,OCoLC,n,d
487DED95-D758-4F5A-885F-23117636B542,037,b185363258,462775498,OCoLC,n,d
83C827C3-5A6E-41B9-8985-88D452678A7D,037,b18536326x,465221448,OCoLC,n,d
5CD182C1-E015-4A1D-9987-FF798D07ABD1,037,b185363295,465223686,OCoLC,n,d
675B54A8-BA13-48BB-949B-57873010B1FB,037,b185363301,465223773,OCoLC,n,d
3B1053B1-DB74-470A-83FB-AD13D4E01952,037,b185363325,465403460,OCoLC,n,d
124EC1F2-4E24-4ABC-AD71-1F5A91960D7D,037,b185363337,472605865,OCoLC,n,d
5FF2F0DB-71E2-445C-A3D9-C3E6ACAA6DA7,037,b185363362,501326480,OCoLC,n,d
4FD9AF29-27CE-43F6-89E6-A58D2BB0731A,037,b185363489,608509073,OCoLC,n,d
FC70CD02-CE7B-4C25-AFE4-5F47CD1C1DEA,037,b185363623,182742111,OCoLC,n,d
4CC23EEF-BCE1-4003-B55B-09487AC5B396,037,b185363635,455328646,OCoLC,n,d
A877D70B-BB7A-42AE-9898-93C9318BD79C,037,b185363659,68481867,OCoLC,n,d
AA7529BA-2A41-4F5C-A169-6488F99FE975,037,b185363660,427639003,OCoLC,n,d
70576F85-38D6-4800-A098-CC0D06DBBBE6,037,b185363726,611942621,OCoLC,n,d
396AD067-31E5-438D-B451-A67166B4A149,037,b185364706,467921482,OCoLC,n,d
9985FCF0-5B59-4F32-A851-F3CA7B3B8BEF,037,b185374967,276356470,OCoLC,n,d
850A903C-B429-487B-B486-9D16A09C6520,037,b185375182,489725061,OCoLC,n,d
03F85E76-AB17-4BA7-99CC-4E38AA423F20,037,b185375194,491277164,OCoLC,n,d
CCC0A528-854C-4298-B725-ADBEFD5170DA,037,b185375248,502256473,OCoLC,n,d
21CB7C96-0A3F-4965-B76B-3C8C21B8A6C4,037,b18537525x,502256540,OCoLC,n,d
87C06F84-94FC-4AE9-9797-47D6E71C564C,037,b185375273,502262354,OCoLC,n,d
A84D8D8D-3B51-457C-8E6F-DB8757DCA537,037,b185375285,502262792,OCoLC,n,d
63F50E5E-A729-4903-B1C4-4BF32FE52793,037,b185375315,503003286,OCoLC,n,d
1E64B6DC-596F-4B6C-A3D5-E9F6702D1DAD,037,b185375327,503004128,OCoLC,n,d
2ABA8479-15C9-491C-9EC9-83BBE9AAACB2,037,b185375406,505946514,OCoLC,n,d
001B9DC6-60DC-427F-AC02-C2072388119F,037,b185375431,444597992,OCoLC,n,d
42E1BFF9-475A-4760-B914-C09ADB2CF7A9,037,b185375443,444782448,OCoLC,n,d
875E885E-D29C-4669-A513-F4355EBB96A2,037,b185375546,466111253,OCoLC,n,d
9F561D25-0D0C-4FC7-8FF2-EFD939B329CE,037,b18537556x,501828071,OCoLC,n,d
A8A8879A-CDC1-41C7-BCD0-19D940C14327,037,b185375613,449187295,OCoLC,z,d
8D4B831A-B10D-4B78-94FD-C615B7F6B003,037,b185376721,454287121,OCoLC,z,d
AF37F28B-025C-4DAF-9C55-2CE3A3CDB6DF,037,b18577829x,437416845,OCoLC,z,d
C352D2B1-BD1D-43D3-99EC-33BAE9C03EAE,037,b185780040,558466248,OCoLC,3,d
3E2322DF-8EF0-4C39-8711-6B65929A800C,037,b185780064,124508695,OCoLC,n,d
91FBCF07-4D69-40C5-9882-EE6741B5BB30,037,b185780143,265430784,OCoLC,n,d
881E9342-19A3-4026-BBFD-76766F264D1E,037,b185780246,456298640,OCoLC,n,d
7283BB39-EF3D-4243-9823-59055AFC947D,037,b185780258,456574586,OCoLC,n,d
968E7D38-DFCE-4202-90AC-47CACE8BB3F3,037,b185780271,460160676,OCoLC,n,d
EC7A6E83-909A-46B1-B8D9-AE9DFEBB659B,037,b185780283,460171914,OCoLC,n,d
BAA8078C-1FAE-4CFE-AA07-3CC324D8BAFD,037,b185780301,461033575,OCoLC,n,d
4AC25B2C-BBAB-4206-9F47-752FB5B5AD0C,037,b185780416,57406910,OCoLC,n,d
F582171D-B8B9-483B-90A1-B5D731F00E25,037,b185780465,71755041,OCoLC,n,d
CDACAC3F-AE06-4084-97F0-9D2B6AD53582,037,b185780489,166254452,OCoLC,n,d
215CF039-7957-41E8-9A92-48AB8A7E81F0,037,b185780647,574719935,OCoLC,n,d
DE753B1B-F0F2-49B5-A0DC-E312D0AEE646,037,b185780817,611945902,OCoLC,n,d
6072E590-1CE6-4622-985C-901862997A08,037,b185780970,637070225,OCoLC,n,d
335E2260-30DE-45E7-B9BF-21886A7C0CF4,037,b185781184,641556181,OCoLC,n,d
017B8E1E-6015-4BC5-A55E-70891446C8AB,037,b185781196,641611583,OCoLC,n,d
4F6A2590-C6BE-49B9-8AEA-93EDA80D6714,037,b185781202,641643364,OCoLC,n,d
6A9E5D6B-5782-41AA-98CC-A6A79C8027C8,037,b185781214,641672616,OCoLC,n,d
C3DC0F2D-B743-486F-BB1D-E28D086069E9,037,b185781226,642018952,OCoLC,n,d
7A18EEAF-1A94-4B33-8168-10AB35F36747,037,b185781238,642039377,OCoLC,n,d
9F2CA02D-C905-41AD-B6DE-7A656AA070EA,037,b18578124x,642040492,OCoLC,n,d
31DAEE48-485A-4B3E-83DF-FF6FEE0A46A1,037,b185781251,642041396,OCoLC,n,d
E070507A-204E-416C-8A96-A35A966AFAFA,037,b185781263,642044440,OCoLC,n,d
E247DF4D-4771-4CC3-82D1-0857C891E70A,037,b185781275,642326311,OCoLC,n,d
93A2BB60-95B6-4C8E-9B76-AEE3D56A3CC0,037,b185781287,642331801,OCoLC,n,d
1936A606-6C0D-4CD0-AD2E-33BF3B34D874,037,b185781299,642695530,OCoLC,n,d
1A5BB5B6-1B50-4AAA-B979-67BE2033C523,037,b185781305,642695552,OCoLC,n,d
B1C357F7-9786-4608-9998-B934D20C53B4,037,b185781317,642698387,OCoLC,n,d
78A6D01F-EA89-4945-82D4-1907A5CA77AD,037,b185781329,642714442,OCoLC,n,d
8AB72D23-04EC-4036-B6D6-5C946372B475,037,b185781330,642856131,OCoLC,n,d
097CABF5-9116-4DE1-B9E0-34B4C7E35F53,037,b185781342,642865707,OCoLC,n,d
400296D2-771E-4B83-9714-14C0F418B967,037,b185781354,642891907,OCoLC,n,d
6B268576-2552-46B1-8E56-DD54D6E6B583,037,b185781470,646191474,OCoLC,n,d
68D78508-D83A-4C36-854A-7B5C81E659AA,037,b185817403,233830976,OCoLC,n,d
7CBA0A6D-4DA0-4DAB-B92A-037E64077AA9,037,b185817415,243705733,OCoLC,n,d
C3C2F440-A199-4A7A-AB9E-179A2E837709,037,b185817427,265688515,OCoLC,n,d
090A350E-E7DD-473B-8985-3914B09315C2,037,b185817439,270950809,OCoLC,n,d
BF39AE25-F4F8-4D26-84FF-6ECA98931645,037,b185817440,276360211,OCoLC,n,d
B66B022E-C5ED-4253-8FA6-3BFD6EBAFFDB,037,b185817452,316854306,OCoLC,n,d
61C2ECB9-82CB-400A-B246-54EF1B267309,037,b185817464,441875003,OCoLC,n,d
C22BB326-BAFF-4BAA-9DC7-FFF54B9F727B,037,b185817476,443441987,OCoLC,n,d
C6EAF1E2-47B6-4998-A18D-BC911A73EB01,037,b185817488,444510458,OCoLC,n,d
B74CFB67-8DF0-4D72-B290-FBF942B617A8,037,b18581749x,444602539,OCoLC,n,d
DFBA9E05-A647-439B-B7BD-54DA6CFF6478,037,b185817506,444602553,OCoLC,n,d
BCBE90A7-BD31-4D4D-8528-F53116A14F75,037,b185817518,444653240,OCoLC,n,d
7D6EAE81-3267-4436-BA84-0767268C88CE,037,b18581752x,444683194,OCoLC,n,d
A7DA0527-F1D3-4424-A252-385D2E56BC0C,037,b185817531,444831144,OCoLC,n,d
24E3327E-DD5E-4725-93CF-60F4CB9CFD8D,037,b185817543,449102917,OCoLC,n,d
94B20A83-3F33-465F-AA87-FC54604C7104,037,b185817555,449187304,OCoLC,n,d
38027EA1-7D24-42E3-A52F-0A5A5515D19D,037,b185817567,450763301,OCoLC,n,d
A5B56A7B-4A86-4893-BF53-F6FF6FADEFA0,037,b185817579,450763304,OCoLC,n,d
10258276-A6A4-4E41-952F-E6F594CCC87F,037,b185817580,450842410,OCoLC,n,d
BE2BF5CD-C63C-4768-B7C3-78C99607DFF2,037,b185817592,455328630,OCoLC,n,d
C62CB9F8-DFB2-4FF8-8DBC-AB6E0655EDE9,037,b185817609,455360268,OCoLC,n,d
C4328991-0F7A-4C3D-BDF7-52933B255893,037,b185817610,455473005,OCoLC,n,d
EA15DECD-3AAD-47CE-A61D-B64DDB56AA7D,037,b185817622,460160650,OCoLC,n,d
00D726E5-A485-4BE2-A86B-019D6AD480D1,037,b185817634,460160682,OCoLC,n,d
AC0E20EB-87DF-4EC8-BD1D-A4146FECEC82,037,b185817646,460170352,OCoLC,n,d
D56AC076-60AF-43E1-86A0-C57D9F50312E,037,b185817658,460170658,OCoLC,n,d
F915B9B3-7ADA-46F0-BAA4-2591A85E379C,037,b18581766x,460171183,OCoLC,n,d
FCADE5D9-FA2F-468A-BDC1-8BA5C4A16C1D,037,b185817671,461002365,OCoLC,n,d
69F7A2CB-8EEE-4AD6-9D45-FA05CC5DD6E8,037,b185817683,461002382,OCoLC,n,d
E6748CE2-C11A-431C-85E0-D6039C18AF61,037,b185817695,461003716,OCoLC,n,d
A46DD10C-8E68-44C7-BA49-CF797B6141D9,037,b185817701,461026417,OCoLC,n,d
02A5DF6E-F524-4273-B133-9C9D77E139AF,037,b185817713,461027108,OCoLC,n,d
9A707AE8-7C6E-40AD-B08F-C143CCDEF9B8,037,b185817725,461033659,OCoLC,n,d
5475CA77-4A80-4B55-864A-E24C3EDAE157,037,b185817737,462090608,OCoLC,n,d
D4E9D78D-7503-4556-BBBD-9945B2511E34,037,b185817749,462133858,OCoLC,n,d
C8C3E5F6-DA5C-4957-A533-28721DB2A45D,037,b185817750,462136349,OCoLC,n,d
01B53030-D701-488B-AD64-CC6F21079C89,037,b185817762,462814107,OCoLC,n,d
12E34DD1-2AA2-4056-9C0C-85574908B45E,037,b185817774,466390282,OCoLC,n,d
211ACDF2-FE15-4446-917E-51A84F96CA57,037,b185817786,466736484,OCoLC,n,d
BA3F4FA5-B545-4A58-9112-14915E0B0BA6,037,b185817798,502274101,OCoLC,n,d
63BE6DA2-05CB-40CA-82E9-7E2DEF116A62,037,b185817804,550571346,OCoLC,n,d
D19955B8-7DC3-4745-8037-7786919E096E,037,b185817816,550571443,OCoLC,n,d
F04AA79B-D181-4EA5-AF8F-EFD694941048,037,b185817828,551073303,OCoLC,n,d
4D493AF1-9469-4115-928F-9F7DB36FC69D,037,b18581783x,609877682,OCoLC,n,d
F84C024D-C36B-4942-8EEB-7E8D9CB2C4C1,037,b185817841,641553260,OCoLC,n,d
CCA40BBA-22F5-4EE4-B454-C8621E5F76FA,037,b185817853,641634413,OCoLC,n,d
1E5F3EEB-5D54-4AFC-AA5C-37C492B983AA,037,b185817865,641643376,OCoLC,n,d
D9E2760B-00AA-4AA7-8FE2-D4249C4F2DA7,037,b185817877,642047343,OCoLC,n,d
965E6508-2E3A-45F1-89EC-A7CAE76DF08D,037,b185817889,642326271,OCoLC,n,d
77A0ABB5-17C2-41D5-96A9-69DA0A93E04B,037,b185817890,642326353,OCoLC,n,d
CFCE87EE-DFC3-4997-BA41-2B2BF3560CED,037,b185817907,642698976,OCoLC,n,d
6E3DE386-E6EA-4F68-BA17-C596462D6908,037,b185817919,642700771,OCoLC,n,d
A9D4999E-C4C4-460B-A28C-791EB4597CCF,037,b185817920,642712658,OCoLC,n,d
A71081CF-282F-4A12-ADCE-421615364139,037,b185817932,642877569,OCoLC,n,d
346EB35F-2E68-4B08-AD90-623447ED2A9C,037,b185817944,642882835,OCoLC,n,d
EE2D0B59-701D-43BF-B753-A43905A67096,037,b185817956,642890322,OCoLC,n,d
4A42DB25-B998-49C6-8BED-8197A87E21B5,037,b186275717,173692040,OCoLC,n,d
D764511F-86A8-4713-805A-330CF97031A9,037,b186275754,454405757,OCoLC,n,d
53EDB5F0-17AA-4904-9A16-EF62B0C392F0,037,b186276175,605037856,OCoLC,z,d
C5608E05-2AEB-442D-839B-7EDFFEBA3A47,037,b186276588,495796514,OCoLC,3,d
F7872B36-44D3-43F0-AFBC-A9DBEBFB45B5,037,b18627659x,495828847,OCoLC,3,d
5B8561A1-AC58-43CD-983E-FFC694B10732,037,b186276606,495846771,OCoLC,3,d
84F8FC08-6A17-4F56-821F-BF34DECA85B8,037,b186276618,495846828,OCoLC,3,d
693247D4-4959-4CE4-9E28-7266C0A16BE0,037,b18627662x,495848484,OCoLC,3,d
5F5E319D-2948-48EB-83CD-A2CD03AC5101,037,b186276850,505302367,OCoLC,3,d
BAA13F10-7121-4123-B189-80761792CD24,037,b186276862,505442417,OCoLC,3,d
8A37BB3E-78C4-4638-B4B1-D961A9713292,037,b18627693x,551681668,OCoLC,3,d
2B87BA3D-F5A1-4511-9CCA-A93F62A248AC,037,b186276941,556044587,OCoLC,3,d
C1A4320E-B112-4E7F-BED0-D7D2DC04A0CE,037,b186276953,560547847,OCoLC,3,d
ABBB5381-EA09-4598-9B5A-A585C4A874E3,037,b186276965,560564751,OCoLC,3,d
51CF3A8E-3ABB-4365-A654-73AC6666C7F6,037,b186276977,645061035,OCoLC,3,d
7CEFD0E3-9860-4081-AD0D-EA4F7122D5F6,037,b186704574,668231115,OCoLC,z,d
660E163E-7032-4883-8A10-460D977DEE2A,037,b187149422,670116753,OCoLC,z,d
C593AE0A-3174-4DC2-AD8C-E1AD8F4831EF,037,b187149859,680284717,OCoLC,z,d
0432E9A2-5825-4E2F-8EAE-3371E54DA12E,037,b187150813,668224485,OCoLC,z,d
886E8677-6D81-42E9-9668-B6D2579BAA88,037,b187150965,668230249,OCoLC,z,d
E7985E7F-CCB3-4217-8688-12BD5A01D594,037,b187550499,655269469,OCoLC,n,d
F1ADB64D-4F6D-4AED-8F74-46D5AB2FB310,037,b187550529,658201723,OCoLC,n,d
2906C80F-2A87-404F-B78A-3C6B45C7CE43,037,b187550554,658201726,OCoLC,n,d
535EF364-A369-4036-8026-AE6073E2221F,037,b187550591,658204932,OCoLC,n,d
DF32A4DF-196C-45E9-84A1-526A9C510172,037,b187550645,658204936,OCoLC,n,d
8CF9374C-2DC1-49D2-81B4-AAB0B8E7F8F4,037,b187550669,658204942,OCoLC,n,d
27C41087-BE5E-4038-8324-3D7021D091DD,037,b187550724,663990812,OCoLC,n,d
A5119E77-1DDD-4160-9A65-5398CA7DAA65,037,b187550748,663990814,OCoLC,n,d
FD1F6D88-6B5F-41E4-97F7-ACFAB70D4A41,037,b187550840,663991750,OCoLC,n,d
2F54E655-7FD0-4918-9AFE-F6548A4F59E0,037,b187550906,663991820,OCoLC,n,d
6C08A381-E9FE-42AD-B608-D79A33498C9C,037,b187550943,663991844,OCoLC,n,d
EEB033A3-35F9-4F1C-935B-A94ADD9E5C61,037,b187550967,663991854,OCoLC,n,d
73D30716-4814-4BC2-8E91-5651A6CC40F5,037,b187551042,663992373,OCoLC,n,d
4E6BB6BF-0BC2-404B-967F-E7885A04A17E,037,b18755108x,663992670,OCoLC,n,d
195764B3-C967-4E34-9F2D-350E71D9C26E,037,b187551091,666823226,OCoLC,n,d
1C97130B-710F-4B5B-BB35-CAA3804A4145,037,b187551212,666857875,OCoLC,n,d
C41EF1B8-3212-4863-BCCA-42F9184ABB5D,037,b187551261,669856544,OCoLC,n,d
3DEF2F24-10AB-411E-A2DE-579A7D5253DF,037,b187551340,672008357,OCoLC,n,d
5B6012FB-5597-4ADA-8116-506A398963CE,037,b18755139x,672009098,OCoLC,n,d
24ACE4A7-1282-4F8A-8835-BD32CAE1FB24,037,b187551479,679527142,OCoLC,n,d
BC58F37A-6844-4640-9DD1-081EE629732B,037,b187551534,679527586,OCoLC,n,d
947BED96-CD68-45FE-AF21-25DB99457B4A,037,b187551583,679528066,OCoLC,n,d
B0EBAA84-C561-47BE-8446-D7B66E21D13F,037,b187551947,682887270,OCoLC,n,d
C6490621-3888-4A91-B850-B23739E212D0,037,b187551959,682887314,OCoLC,n,d
243C7761-A255-48A2-80D7-5D9D9EBCB7A5,037,b18755237x,682887595,OCoLC,n,d
9C5BC429-78AD-4AAC-B3E3-A61A59CC8F77,037,b187552393,682887656,OCoLC,n,d
6235D2FE-E805-49D9-A566-CE9F11FD23F5,037,b18755240x,682887686,OCoLC,n,d
47F991F8-2284-4D7F-8E7E-72590D576ECF,037,b187552629,682887949,OCoLC,n,d
00389B60-0221-4CFB-BA96-1E8375EEF3AF,037,b187552642,682887994,OCoLC,n,n
6F5B9791-3824-423B-9866-9D3212D47281,037,b187552654,682888000,OCoLC,n,d
51502888-F328-4791-8B1B-7E1CC5815510,037,b187552782,682907294,OCoLC,n,d
EDB55045-EFE6-42EE-A699-62136D266014,037,b187552794,682907306,OCoLC,n,d
9175923E-9002-4A6B-91D1-BCD5B099FC89,037,b187552800,682907314,OCoLC,n,d
D73632F7-7540-4893-8443-DA352D58F8DF,037,b187552964,682910604,OCoLC,n,d
EC9DD045-129A-45D0-B64B-B5F437822D22,037,b187552976,682910608,OCoLC,n,d
47783860-84A8-46D8-B8BA-A3BEEC1E3D0E,037,b187576373,682887253,OCoLC,n,d
871E8792-5576-4DC3-ADF5-B255B451A251,037,b187576683,443350533,OCoLC,n,d
E91BD991-0819-471E-88D2-966BD2453ED2,037,b187576725,456209605,OCoLC,n,d
ECE7F8A7-4483-458E-AF8B-41DD840C9A49,037,b187576804,462397762,OCoLC,n,d
919F7EBE-2D6D-4D56-91FA-609F949FD5D9,037,b187576841,472633349,OCoLC,n,d
E43D2B4F-6C8C-42AA-B8E6-97CE392AB980,037,b187576877,503003313,OCoLC,n,d
2684E08C-843E-496F-AB8E-91409F3BE84C,037,b18757716x,682910046,OCoLC,n,d
F87C830D-6246-4166-8D15-88603E848A1D,037,b187577183,682910184,OCoLC,n,d
DB00EB95-FAD2-45BC-9463-36DBEB6E85F1,037,b187577341,454406054,OCoLC,n,d
0CE2B327-1970-4B8B-B540-2559D7A157C8,037,b187577456,466082898,OCoLC,n,d
2686552C-DDF1-451A-ADA7-04A5D9063CCC,037,b18757747x,489237107,OCoLC,n,d
405A7D5A-1AA7-4F11-B10F-9BEF9BE7EA15,037,b187577547,641691515,OCoLC,n,d
A09ED7F6-121A-4C21-A68D-EAC034F095BF,037,b187577699,682887320,OCoLC,n,d
5D022BD5-A0EA-4181-B203-32D24410E72B,037,b187577729,682907276,OCoLC,n,d
4520C6F6-E483-49BB-B4EB-0913FA1D3C0A,037,b187577730,682910554,OCoLC,n,d
C4D82EDF-B9B9-412B-96BC-F38C15BAC6D2,037,b187578370,668224801,OCoLC,z,d
BA5DC725-646D-4F6D-8EF6-A89E8E8F648B,037,b187578771,681733203,OCoLC,z,d
6A22C7E3-B347-4639-8A39-AC7B8F3BB2D4,037,b187582208,660187848,OCoLC,n,d
DAC42EE7-56E9-498C-A347-9546D02C582F,037,b18758221x,663990837,OCoLC,n,d
60A3F96C-2F1E-427B-A070-B77E7C9F843E,037,b187582233,666857721,OCoLC,n,d
2D50E28C-A2CA-47CF-81C0-68AC2EA853C9,037,b187582257,682887241,OCoLC,n,d
FB481B74-615E-487D-A4E4-850A94C49EC3,037,b187582269,682887295,OCoLC,n,d
AF206E67-4C55-4EC8-B750-1F83EE83EE07,037,b187582270,682887329,OCoLC,n,d
37AD37F4-3640-44C8-8D8E-3A49DCA6C59F,037,b187582282,682887648,OCoLC,n,d
6EE7EB16-C6AD-425E-812E-0A49FEDBEA53,037,b187582294,682887685,OCoLC,n,d
F02C03D1-AA63-4278-85F6-F3033FD5B478,037,b187582300,682887973,OCoLC,n,d
AFC4DAA0-585D-4C81-8FFF-E43DAFCFDB74,037,b187582385,682910576,OCoLC,n,d
6C17B032-25F3-46ED-B20B-151155E03DED,037,b188010099,501824618,OCoLC,n,d
F4502C7F-78D5-4A4C-A5D9-0C5F4D995B81,037,b188010646,458625010,OCoLC,n,d
5C8D6AF7-B4F8-4779-B36C-292B39A3A895,037,b188010683,663991877,OCoLC,n,d
69029BBF-4E85-4E42-8658-9D63739BD4AA,037,b188010695,682887998,OCoLC,n,d
B89E509D-111A-464A-9E1C-FF7643B0ABFF,037,b18889214x,662737497,OCoLC,3,d
45FB9AC9-AC3C-44E5-BAB5-6219E4C452D5,037,b188892217,696022669,OCoLC,n,d
3F1C9D87-6136-4167-9FC1-5E1B7BC1E58E,037,b18889228x,696023238,OCoLC,n,d
E2373B04-EDE3-4C92-95F3-23977C829685,037,b188892308,696023304,OCoLC,n,d
A46B3758-2A0D-47B8-897E-86EBE08DE41A,037,b18889231x,696023321,OCoLC,n,d
3783EE64-D925-4749-8F4A-4602FF35CB3B,037,b188892394,698371647,OCoLC,n,d
B45CE899-4989-43DA-ADCF-3696FE888D89,037,b188892412,698371662,OCoLC,n,d
7FA08631-96BC-4549-851D-36AA7F861DD9,037,b188892436,698371664,OCoLC,n,d
E65DB37A-FDD8-4D45-9CB0-C511976DE21B,037,b188892746,698375970,OCoLC,n,d
78C62053-3A74-48ED-8218-189CED8BDFFB,037,b188894445,454423572,OCoLC,n,d
ECC78992-C8F7-4A33-A68B-045D5C479637,037,b188894457,456080273,OCoLC,n,d
57FF45AF-31B4-41C5-A5BB-782BE0FAD867,037,b188894470,456209748,OCoLC,n,d
CB44530F-D48C-4E67-9352-AD717E27355E,037,b188894494,457922808,OCoLC,n,d
D2FD4B86-7DC2-485C-84C4-239B80C4D724,037,b18889455x,698372649,OCoLC,n,d
3ABEEBD3-C214-45F2-B58D-2E16007CAB4D,037,b188894561,698372656,OCoLC,n,d
C43C3A2C-32AB-4809-B2A4-2A1AC93FD90F,037,b188894676,265378829,OCoLC,n,d
8B01DF23-B976-459D-9F9D-DA859C4FE84F,037,b18889486x,703871612,OCoLC,n,d
FC8F7228-CCAA-440A-8B4E-0290DCBA12F6,037,b188894871,702161411,OCoLC,n,d
65B6DFEF-838A-4B5E-9AFD-F8DFC73F55F9,037,b188894901,702686566,OCoLC,n,d
55B68622-07BC-4066-80D6-06C483C034F4,037,b188894962,702690035,OCoLC,n,d
74DF4343-2EDA-4D7E-A66A-5F0D3328CF26,037,b188894998,702690053,OCoLC,n,d
BB6ED726-9902-4BA0-9227-81CB221FE9D9,037,b188895024,702929782,OCoLC,n,d
AA4A0DA2-0AFE-4148-B8BF-F4179B109029,037,b188895048,702931763,OCoLC,n,d
4A94BD88-A88F-472D-99B9-986420AF094C,037,b188895061,702932334,OCoLC,n,d
ACA02FC1-5410-4B37-AF2A-0A23C2DB7295,037,b192711635,688618512,OCoLC,n,d
EBF5472A-EB21-4306-827A-4409E046CDC4,037,b192711738,696792397,OCoLC,n,d
6EA7CF88-94BB-487E-91CF-B1C557A54C5D,037,b192711787,697855307,OCoLC,n,d
705751AC-B2AD-4AC8-830B-0CFCD4C513F2,037,b192711830,701053960,OCoLC,n,d
9FC09B8C-D015-44F3-AED4-36D0EA103173,037,b192711854,701103594,OCoLC,n,d
4A19BA78-0296-4B68-B756-4134301EB2DB,037,b192711970,701366893,OCoLC,n,d
CAAD4CEE-2E5B-4805-B248-7A84B8DBA7CC,037,b192712056,701730980,OCoLC,n,d
12C33B71-2971-4692-8669-E6574DB101A9,037,b192712147,703599260,OCoLC,n,d
02EE4C48-3365-401A-BE63-AA8B0AEB6478,037,b192712378,265689478,OCoLC,n,d
B33D7349-AF55-4868-AE4F-31CF90A900EA,037,b19271238x,460938343,OCoLC,n,d
D65E8393-77C0-45A3-927F-5D4422A8030B,037,b192712391,462123228,OCoLC,n,d
5B0B146D-B5C9-4AC6-8F32-E025E6376ACB,037,b19271241x,612013407,OCoLC,n,d
F3DF20B0-8FB4-4B83-9492-60403C2A656B,037,b192712433,682910245,OCoLC,n,d
1BBA79AA-CC15-4E13-A754-63B0C24A6643,037,b192712457,702689634,OCoLC,n,d
461CF859-4DDF-415A-B4AB-7AB85E0CC6E5,037,b192712500,709922964,OCoLC,n,d
F7F53426-F9D7-40B5-AC34-F51AD4C54D6F,037,b192712512,75636693,OCoLC,n,d
43439B49-AB6B-47DC-BDF3-303A895C158C,037,b192712536,230828373,OCoLC,n,d
1618BE68-5890-4FD3-B8ED-95DA88E85762,037,b192712676,642044460,OCoLC,n,d
7A5B9A06-CD06-46B3-B30A-719FA41AD71C,037,b192712809,709918967,OCoLC,n,d
78DA3CAC-278E-40A8-9D03-0A7C28DCC186,037,b192713000,711682891,OCoLC,n,d
D306C86C-950A-4BBD-A081-1D06CE9BE081,037,b192713024,711684825,OCoLC,n,d
DECA1C3A-D4EC-4A33-8549-191693DA0DBC,037,b192713462,263091453,OCoLC,n,d
059B6054-CBE6-4EC5-8A06-3FA058A2FF9C,037,b192713577,456967448,OCoLC,n,d
A0F60708-D27E-4DCA-83F2-709610A825AF,037,b192713619,462933400,OCoLC,n,d
131E15C9-E796-4D75-99A1-E60ADEEA8FBB,037,b192713620,466108855,OCoLC,n,d
0F986023-F2CF-4F3B-AD36-CCC9F14F2F17,037,b192713644,502263856,OCoLC,n,d
9EEB8FDC-D430-428C-880B-3E3089CE9766,037,b192713656,505968829,OCoLC,n,d
94845CE9-A92D-49F4-A094-E7175A9E9199,037,b192713735,641293064,OCoLC,n,d
37725088-1C40-4B94-8E62-9047D779BBB9,037,b192713747,641293392,OCoLC,n,d
427D2DE2-8A2B-40E9-A420-044D75DB6BAA,037,b192713759,641300455,OCoLC,n,d
CF0C18AD-747C-46CA-86A3-5BD6ABA60AFE,037,b192713760,642042939,OCoLC,n,d
898C66A2-0076-498B-8E99-4A744CAEBF42,037,b192713838,663992717,OCoLC,n,d
AFEC33F9-E263-42F7-A0DC-E25F76D3E338,037,b19271384x,682887332,OCoLC,n,d
A8B4B339-D211-4F8B-9D05-08BB325861D1,037,b192713851,682887615,OCoLC,n,d
700A4BB3-DE1F-41A0-8540-58AEAC4119C4,037,b192713875,682907280,OCoLC,n,d
47CDEEC5-FD6C-4FED-BD78-9C2FE11D83DB,037,b192713887,682910574,OCoLC,n,d
CEABA1FF-F477-4C66-9724-B1B5F2C2168F,037,b192713930,702685731,OCoLC,n,d
291E52B3-D3BE-46ED-A646-87E1DE2E4779,037,b192713942,703871350,OCoLC,n,d
90D3524E-9C2A-43B6-80C3-BE1FD7853F5B,037,b192713978,708578235,OCoLC,n,d
342D9C3E-0040-460E-814B-7EB0F1D52C97,037,b19271398x,708579878,OCoLC,n,d
F537AFF0-044A-46D1-BF8C-7537B2801238,037,b192713991,708579886,OCoLC,n,d
AA83A008-6361-4ACE-B1F9-A74EE2F94AEF,037,b19271403x,77527050,OCoLC,n,d
8BAD10C8-B0A6-482F-84BD-6FE8D085177A,037,b192714041,77528371,OCoLC,n,d
B54B22D3-D7F8-4367-8F1B-A1430D7DCEAA,037,b192714120,739692553,OCoLC,n,d
581F3423-979B-45D7-9B76-9043369974E8,037,b192714132,739696499,OCoLC,n,d
2A57C0DC-1617-4E7F-9A01-DD8E28C6B900,037,b192714296,739733886,OCoLC,n,d
F4FAE362-7EC4-4F08-834A-80BA5185931C,037,b192714545,744415921,OCoLC,n,d
98951200-7A6A-4379-9456-06BF384A3D72,037,b192714612,745475635,OCoLC,n,d
C44F5BA4-7726-476D-A2EA-C4E778AEF18E,037,b192714624,745476621,OCoLC,n,d
CB0F61CC-EFD4-4626-A651-4FAEDFA0C861,037,b192714703,212878241,OCoLC,n,d
36E60978-ACE2-4371-994E-706E3F216174,037,b19271479x,456209633,OCoLC,n,d
13203390-45D4-45DE-8F6E-B1F46AF693BC,037,b192714818,456232178,OCoLC,n,d
740C083E-BA7F-4BBA-B197-939F1882B92C,037,b19271482x,456457346,OCoLC,n,d
9D411052-4BFC-4FA1-BA31-71B969E42B5F,037,b192715719,733544146,OCoLC,3,d
868B5A59-EB36-4A3E-81BA-E12321066940,037,b192715720,733553629,OCoLC,3,d
695B0074-D950-4E0B-A7DD-ACF2DD8BB602,037,b192715732,501200700,OCoLC,3,d
0D2492B7-C5A3-4B7F-9D4B-38DF07367E29,037,b192715902,688505769,OCoLC,z,d
8DC3F955-1D06-46B1-96A5-D30B3EE88D9F,037,b192722645,692339124,OCoLC,z,d
35B848D3-00DA-459D-A560-6CC8930A2970,037,b192723200,698473394,OCoLC,z,d
75BC0D0B-B710-4A2F-A14A-93B17DC80D4A,037,b193217156,748262792,OCoLC,3,d
01689687-CA91-4418-A03C-FE69BD1F0721,037,b193218252,748371360,OCoLC,z,d
260A1A98-B76E-468A-9ECE-BE5E5B078383,037,b193218525,747037715,OCoLC,n,d
53D75EC4-17C6-403E-AE20-57A22176FDBB,037,b193218549,747039817,OCoLC,n,d
C46A90CC-183E-4DB7-BF90-7B3DAE09488E,037,b193218550,747040394,OCoLC,n,d
BDE8941F-D1DD-4A5A-9049-DDE23705DB66,037,b193218562,747041874,OCoLC,n,d
F58CBF35-7929-4102-9A3D-B12C17BB8FB6,037,b193218628,748280220,OCoLC,n,d
50EC4E12-2EF9-4042-9481-BD4708C27324,037,b193242047,180058685,OCoLC,z,d
3516358F-6B50-47C9-9CCD-8EA211C6D36B,037,b193243039,228503298,OCoLC,z,d
5BA6E725-1CA1-43B3-B01D-D6AB0F5C7C32,037,b193245188,444698559,OCoLC,z,d
B4B2D351-1B5A-42B8-9D25-831AFA8D91A0,037,b193249868,680277429,OCoLC,z,d
F86DB13A-5029-4759-9EF6-0F53EA8F57A4,037,b19325458x,462117675,OCoLC,n,d
8895CAD2-0F7B-400B-8462-4B37A4FF891E,037,b193254670,501819059,OCoLC,n,d
00DFC465-CA02-454E-A2D9-6B8C586C33E7,037,b193254803,682887624,OCoLC,n,d
022D779F-378B-4852-B09A-D63025A280BD,037,b193254852,688134837,OCoLC,n,d
246C4648-139B-465A-9681-DD1E7FE7FE77,037,b19325492x,702935822,OCoLC,n,d
900DACC6-9AC5-4BAA-983A-BABBFB6F20C8,037,b193254943,702943672,OCoLC,n,d
9F1A7C55-9C61-45FA-A780-C00F156C0B15,037,b193254967,703866072,OCoLC,n,d
EA949254-AE47-4498-B3DF-710C4F27AD1E,037,b193254979,703866082,OCoLC,n,d
FA3480ED-0622-4B0B-96AF-6C019EF27E96,037,b193254980,703871309,OCoLC,n,d
BC724BDF-8C77-4BB2-8559-A1464B1DAFE9,037,b193255029,708578239,OCoLC,n,d
A0ECB93D-2BC3-41D3-91EF-E4DE0451F538,037,b193255054,709917231,OCoLC,n,d
20337A71-8C0B-457C-8A2A-1BE766DBE387,037,b193255066,709922292,OCoLC,n,d
CD16A6FC-DDC5-461D-AF8F-476C91D2A9B3,037,b193255108,739692580,OCoLC,n,d
77FF0211-EFD5-489A-88CF-C64068F239B7,037,b193767053,748541535,OCoLC,n,d
A5750F7C-37F1-4DC8-807F-0DDF7BF8E936,037,b19376734x,753562730,OCoLC,n,d
72CD0553-E563-4E0F-A864-61CB9A1D4178,037,b193767363,753563726,OCoLC,n,d
2DFCC691-C4E5-4352-9241-483F9AB5C95D,037,b193767910,754871379,OCoLC,n,d
0742AD78-F259-49E1-8932-A50F906240FC,037,b193768008,756045404,OCoLC,n,d
B9913B6B-6E36-4CD7-97EA-C2E275069B46,037,b19376829x,752137547,OCoLC,3,d
C5F561FB-E1E7-4766-A564-3853018090AF,037,b193786898,213482186,OCoLC,z,d
50E71BE4-27E5-4551-99D0-A69E67950A4C,037,b193786977,229111540,OCoLC,z,d
A0844D40-373B-4C86-BDA8-45C5ED4D88AC,037,b193787635,314108967,OCoLC,z,d
BECFDF04-30DD-46C1-B681-4D19DBD64D90,037,b193787763,502286300,OCoLC,z,d
2BE03E3F-E09F-4216-AB98-E8C288BB5C63,037,b193828960,758673817,OCoLC,n,d
B33944CC-76FA-4E12-96A9-00D1E8E4359D,037,b193829496,748435503,OCoLC,z,d
A41E3DCD-AA82-4995-BBA8-81EDDED4F1C0,037,b193831508,759577992,OCoLC,z,d
C38BF838-2857-4EF3-91CD-B77B93DC68F2,037,b193831661,759580841,OCoLC,z,d
35567750-2044-4DF9-99B2-07623BA3882E,037,b19383263x,759581276,OCoLC,z,d
4F5C8B97-4BB5-42E1-8E7C-617C527F3953,037,b193833050,759581464,OCoLC,z,d
B6079393-D505-4334-BBF6-174989184041,037,b193837274,757330978,OCoLC,3,d
0BFEFDC0-A8EE-4B1F-8702-DCA310601C91,037,b193837286,757338313,OCoLC,3,d
87733169-B3D9-4EB2-9EFD-7C4DA1746475,037,b193837298,757519248,OCoLC,3,d
06571435-AE16-473C-AC2C-241B1E3D6D35,037,b193837304,757519670,OCoLC,3,d
0B550FA1-3275-40AA-92A0-63D4E2FB7B45,037,b193837316,757733708,OCoLC,3,d
2EF3D07E-4702-4FE5-9AEF-80C40842BABD,037,b193837328,757836027,OCoLC,3,d
85EAE536-AFFF-4F64-A136-5D6E4522BE72,037,b19383733x,758338879,OCoLC,3,d
540DA909-C3EF-4DA9-ABAF-C777D71B3080,037,b193837341,758346340,OCoLC,3,d
D8CAA925-FC93-4C5F-A2F8-F4EB8AFF6816,037,b193837353,758361040,OCoLC,3,d
F22A32A7-16C9-4EB3-A1E2-D5F555EECE26,037,b193837365,759117262,OCoLC,3,d
3ED20A75-F553-4C51-803C-895FCE328709,037,b193837377,759408115,OCoLC,3,d
F20E3DD0-2769-4753-BBBA-32F2ABACA0DA,037,b194722363,225870279,OCoLC,n,d
7B6CE1D5-81D5-42C7-8A71-4577A97F0C75,037,b194722399,682888014,OCoLC,n,d
67A03B01-5C0C-40DE-B10D-CC5066008CB4,037,b194779804,433975906,OCoLC,z,d
AD8EBA67-5431-4399-B251-8FE4BA56FB2C,037,b194783510,768125093,OCoLC,z,d
3BF90228-F0D8-4FAB-A53F-C08977F61BFB,037,b194784289,768863162,OCoLC,z,d
659E04D2-3417-4879-B30A-F4D535260469,037,b195288981,773581326,OCoLC,z,d
EF8C8DA0-BAE9-410A-BFC1-5481F8686C77,037,b195289365,773581409,OCoLC,z,d
30F9E067-DFB3-41E1-93C6-61790CC7DE79,037,b19529032x,773581749,OCoLC,z,d
6E786D9A-E9BF-47A6-ACDF-192810C482C2,037,b195290513,773581805,OCoLC,z,d
96F9AEA5-8644-4B59-AFF8-B41609C406AA,037,b195379172,126818767,OCoLC,n,d
025364D3-F1C9-4D25-A89E-B2980F27E8CC,037,b195899209,778716539,OCoLC,n,d
3C48C932-E507-49BA-AD02-581B194DC273,037,b195899210,778720931,OCoLC,n,d
0007EF35-B0AD-41A8-96CD-C1395706A8F4,037,b195899222,778721258,OCoLC,n,d
10642055-B338-4A25-9EC7-6251F096C8FE,037,b195899234,778804037,OCoLC,n,d
B827E370-161D-440E-81E5-C83C1E4EC628,037,b195944781,781966113,OCoLC,n,d
A4ECADEB-5BF1-43E1-8F2E-BD71538596E6,037,b195944793,781966556,OCoLC,n,d
CFBC963B-224B-4395-B7B3-2E49101EB9F9,037,b195987020,650895053,OCoLC,z,d
963F29F0-8D00-422C-8719-5839083063CB,037,b195987093,658216709,OCoLC,z,d
46CFD4B0-9DE4-4E90-897A-4336CCB6DB24,037,b195987172,650826199,OCoLC,z,d
D50974AA-0525-4B90-9D2E-51E9C2218911,037,b195987214,652813505,OCoLC,z,d
D9AD94F3-1E33-4F45-8D76-EE1586A676F0,037,b196019217,785137361,OCoLC,n,d
B173FDE4-1B41-4928-8695-773B97AABE5B,037,b196019230,785229184,OCoLC,n,d
0768F5F1-AB1C-48AA-839F-FFE58CFB91A8,037,b196019242,785430803,OCoLC,n,d
9C1901FA-7405-443F-A557-86DFE805DEE9,037,b196132253,700946090,OCoLC,n,d
B178CEEE-CE62-48C0-9EDF-BF85320EC089,037,b196293194,711758247,OCoLC,n,d
0FB1FC1C-CC65-4225-8905-9C53160A3D38,037,b196293340,714645574,OCoLC,n,d
527807DD-DB78-45A6-B6A3-1FAEEB41B7FE,037,b196295622,759992271,OCoLC,n,d
21330F78-19DB-4DB3-9797-354124824AAA,037,b19629566x,760197573,OCoLC,n,d
BEBC862C-3A87-4EE0-9311-7416456F318D,037,b196295671,760307292,OCoLC,n,d
DF528442-5BC1-46B3-BC30-4FF8BD493812,037,b196295683,760308794,OCoLC,n,d
56E96D59-93E6-4EC2-8FBD-CE443A23F07C,037,b196295695,760314121,OCoLC,n,d
ED1BEB48-7196-4CC3-A688-9BC9729D3033,037,b196295804,761052621,OCoLC,n,d
72CDAF3E-8512-4363-8777-D551B22ACFAE,037,b196295816,761074406,OCoLC,n,d
CBC62FB3-C14A-46D5-A1F9-07E8F03A41DD,037,b196295828,761209719,OCoLC,n,d
051E0A97-9EA7-49D3-AFC2-8F598235E755,037,b196295920,764478681,OCoLC,n,d
BA426102-B1C0-455C-890C-55315486D492,037,b196295944,764605577,OCoLC,n,d
B650476D-9363-4D99-B14A-AA8274682526,037,b196296225,768130984,OCoLC,n,d
7CE6DC6A-FF2D-4D63-A174-0536BCB2A0F8,037,b196296766,774394988,OCoLC,n,d
363EA61F-CEB6-461D-BBE1-6074501441CC,037,b196297369,792741608,OCoLC,n,d
D47B47A8-9349-4F4C-9ACE-5A6ED4A04BE1,037,b196483852,601774998,OCoLC,n,d
6C48423C-1BCD-4BC8-B4DE-2B1E986FC425,037,b196514319,225865431,OCoLC,n,d
FE67B0F4-ECD1-4E1E-8321-44DCFBCAA177,037,b196514332,444747751,OCoLC,n,d
8617FD38-68E9-4936-A4B1-AC912DAC68B6,037,b19651437x,794229448,OCoLC,n,d
E796ED37-7259-490B-BBF0-E7C1FD79CD2E,037,b196514381,794232280,OCoLC,n,d
3D0E43BE-AF6D-4214-B6CD-E1D4CCDA91EC,037,b19651440x,794675202,OCoLC,n,d
955119BB-ADA0-407B-958E-0CA76C21EA31,037,b196514459,70826815,OCoLC,3,d
8194B8A1-93B7-4CF8-B48B-FBE6FE677401,037,b196514460,70826823,OCoLC,3,d
C720B291-F71C-48E8-AB60-CE6ECB06E45F,037,b196514472,71196755,OCoLC,3,d
1698F9C1-18A5-4AEC-AD9D-0B63A250998C,037,b196514484,71196777,OCoLC,3,d
07382C6D-0853-4858-8486-5C6D2C98574B,037,b196514514,71196869,OCoLC,3,d
98641DCD-7772-4AE6-A209-C9E78F3F2D1F,037,b19651454x,71196927,OCoLC,3,d
90125BA8-3023-48E7-83FB-72F421E0FDF3,037,b196514551,72597476,OCoLC,3,d
9BB2A235-41AF-439E-A42F-FA4D037360DB,037,b196701004,741959960,OCoLC,n,d
0CC41077-8958-4F28-A9F2-9148FA237C55,037,b196702859,793456319,OCoLC,z,d
A55A05F1-F6D2-4B69-8935-D3E71E29F9FC,037,b196703554,781438462,OCoLC,z,d
CC638C39-6CE3-4F7C-87A6-7017CBDA2A91,037,b196703815,793455584,OCoLC,z,d
D2FA177E-6322-4D59-923C-D0C645CBE586,037,b196706063,775660481,OCoLC,z,d
812BB3B3-1C53-4404-BBEE-74F00967BEC8,037,b196714382,797158813,OCoLC,z,d
ADDCD6D0-E642-4CF7-BA37-0041FFD6BDAC,037,b196715118,759158025,OCoLC,z,d
F5692F3F-FF80-4939-B5C4-CA06224498AA,037,b196768883,758671218,OCoLC,n,d
16EECDFE-00F4-4B46-B3B9-84639A58ED64,037,b196944508,792942537,OCoLC,n,d
2B075368-8E27-4D6C-ABE9-5F7CFFDD21B7,037,b196953066,803422727,OCoLC,z,d
80530BCD-2005-493F-9BB8-9199C440CBF9,037,b197043720,809686868,OCoLC,z,d
4159964F-2888-4574-8AA6-F8108DCD4279,037,b197044621,807815664,OCoLC,z,d
2E372CE9-EC5F-411B-8454-AB0D2CEC8C6D,037,b197045285,810938283,OCoLC,z,d
1B12C276-31CC-41EC-81A6-7068EE0F71FA,037,b197155972,760896934,OCoLC,n,d
BA20CCBB-22F3-4353-B7D4-C27EF479B6F7,037,b197156824,812610958,OCoLC,z,d
381B9A83-B721-4D11-A6EC-94A2E648ABFB,037,b197157671,812626418,OCoLC,z,d
F62E1463-7BCF-4212-9517-B363AD00898B,037,b197158109,812539264,OCoLC,z,d
24A185EE-BC8D-4936-ADC0-C529F6A9F64E,037,b197170419,812895420,OCoLC,n,d
D9510FF3-8417-40B2-A3D0-434FC9838410,037,b197267580,430345632,OCoLC,z,d
CC697D67-4795-4996-9133-DBFFF2F2F451,037,b197267634,180189011,OCoLC,z,d
0ED21379-6D6E-41E7-A752-42974C256F97,037,b197338240,814061944,OCoLC,n,d
9BCD8EE1-0C83-438E-B02D-0F3F129945E2,037,b197342322,817114879,OCoLC,z,d
CE29A975-A307-4800-A861-C2C11B687790,037,b197342565,813987704,OCoLC,z,d
D4CDFFFB-0262-4795-8A9E-1568CF69A9A6,037,b197342851,817183870,OCoLC,z,d
359E2634-FE8D-423E-8A39-09C47C526BC0,037,b197343302,819411136,OCoLC,z,d
F4F72398-654D-4DA5-9D56-E688ADF10796,037,b197343533,817661965,OCoLC,z,d
33C4D3E4-DA4C-4936-9A6B-011EE3E7DDC7,037,b19734415x,818903880,OCoLC,z,d
BCC2446F-6FB2-4359-BCDB-33DF6C267A86,037,b197344586,794515156,OCoLC,z,d
7E3D6FFC-74B8-4AEC-B233-D4B7CEC90058,037,b197344902,819330774,OCoLC,z,d
2E6DD1EB-BA26-4077-93AB-5F0E1597DD27,037,b197345505,804837930,OCoLC,z,d
E1352B8D-9FFB-4FF2-968F-42F4ABB81E57,037,b19734561x,816499843,OCoLC,z,d
4C0953D2-66E2-4A25-B0E0-FDAB12EC3BAD,037,b197441403,820570796,OCoLC,z,d
4F42ADB7-297F-4C0E-B9D1-213B94370E16,037,b197441622,820870899,OCoLC,z,d
E31160D3-3F2C-4E6F-886C-ABB65530FB59,037,b197442122,813108112,OCoLC,z,d
1EEFEE7E-6C91-4BE8-81E2-780826CF1FC4,037,b197442808,820870863,OCoLC,z,d
34D792C7-B7B7-4CEA-91BE-E7474342EE9D,037,b197444167,820373368,OCoLC,z,d
169C474E-A123-42BF-8946-F29FA2A7B233,037,b197447478,815396527,OCoLC,z,d
E7564193-1C74-4007-B977-85F524C54653,037,b197479753,820141483,OCoLC,z,d
0B87B2D4-1583-4EB1-BE8C-2A5767214748,037,b197479832,820146450,OCoLC,z,d
B2C05F13-0640-4004-8996-8918A6231254,037,b197502994,747037815,OCoLC,n,d
9ABEF31E-B26A-47AD-9470-48A850D7055A,037,b197503202,823319055,OCoLC,z,d
9B0A11A5-4A73-490F-B698-98DFC49C64CB,037,b197510450,823522431,OCoLC,z,d
F90B0916-19FA-43FC-BACC-1F8BA2E62E32,037,b197570902,821222866,OCoLC,z,d
4FDA0D6E-D528-4E42-A2E9-B4C3E2721601,037,b197737018,828197596,OCoLC,z,d
8C2D1C37-0339-4849-AB89-F7D307581E96,037,b197743961,828425047,OCoLC,z,d
3902C051-3A6E-4F83-AD01-02D7BA687327,037,b19788961x,825077311,OCoLC,n,d
43EDF376-C5F5-4DD3-B163-C5C94EE7DF62,037,b197979841,214324042,OCoLC,n,d
1492E62A-C474-406E-A0D5-45A08BEB1145,037,b197980168,724116362,OCoLC,n,d
A74E1AB6-7267-4A47-BBF9-0DB1D31342B5,037,b197980284,w770056258,OCoLC,n,d
9C796605-BA21-4366-A751-148355C20D63,037,b197980296,770058543,OCoLC,n,d
BD03902A-3C1B-4342-A86C-D2DB83185A7B,037,b197980314,w771027606,OCoLC,n,d
5DA69253-00AF-4503-BC10-EDEC9D2126F6,037,b197980491,792942933,OCoLC,n,d
E00F30B7-61F7-46E8-B758-58C011F8841E,037,b197980508,793284259,OCoLC,n,d
B175BCCA-0F8B-422D-B79A-878B0D96E1FE,037,b19798051x,793284262,OCoLC,n,d
1EB0FBF9-78B6-4C60-8D93-4AA5AE89C4AB,037,b197980533,793394237,OCoLC,n,d
76C25E30-0D00-4DAC-B19C-A256FAE45A14,037,b197980545,793529534,OCoLC,n,d
C34ED4FA-2FB1-4285-BD53-1D27F76D6386,037,b197980570,794451123,OCoLC,n,d
D75DC212-B4F6-4889-AD68-1BE484D79D6F,037,b197980582,794503631,OCoLC,n,d
528AE44E-8F14-4D87-8C11-A5D8FB082CC4,037,b197980594,795742269,OCoLC,n,d
5312486D-74FC-4934-9EAC-25076C377E93,037,b197980600,795742278,OCoLC,n,d
1D7EA301-142C-44C6-869F-08A298621343,037,b197980612,795742282,OCoLC,n,d
D66448BD-73AF-40B1-90EA-C40E04B2A2C9,037,b197980624,795781185,OCoLC,n,d
562031CA-E97C-42CB-951B-6BBE7E74F25B,037,b197980636,799022098,OCoLC,n,d
2E24DB63-5366-4BA1-B3A1-405AA14F42C4,037,b197980648,801498841,OCoLC,n,d
177E4CB2-0C2B-4A8B-93E1-26E5B04EE677,037,b19798065x,802279884,OCoLC,n,d
DB9304BD-231B-43B6-8730-32B0D8B3ACEB,037,b197980673,809043442,OCoLC,n,d
AF4780D8-E882-4CEA-AD0D-3140B5525F89,037,b197980685,809044673,OCoLC,n,d
4D8A14F7-BBBB-41A7-A3B3-1128EA522445,037,b197980697,809068097,OCoLC,n,d
0DACDA4C-4496-4F6B-B3F2-5C0D3D0AFEFD,037,b197980703,809068299,OCoLC,n,d
31740FCD-D1A5-41F5-9D3C-ED3C0BE728D3,037,b197980715,809078213,OCoLC,n,d
291C153E-6B47-4C6A-9831-48ACC98E3269,037,b197980752,w810084228,OCoLC,n,d
7690454B-04D4-460E-AECF-020998A4AE01,037,b197980806,810444030,OCoLC,n,d
6514956A-279A-4F87-8C2D-9A31B0C5C9FA,037,b197980934,811836234,OCoLC,n,d
26274C38-A130-4CD4-88F1-8E901D69B716,037,b197980946,812021179,OCoLC,n,d
B77FC197-B862-459E-B933-4CEE446E0CF4,037,b197981008,812847709,OCoLC,n,d
64814526-CD88-4DA8-A994-1326EA8A3D76,037,b197981021,w812897568,OCoLC,n,d
C2D9EAAE-EDC3-4C52-BE32-50BCFF3F886C,037,b197981057,813043196,OCoLC,n,d
911917DB-947A-4C16-A8C4-0D15E6515876,037,b197981124,815766403,OCoLC,n,d
9846DF4E-5F9C-4376-8098-4555B5809CCB,037,b197981136,815775360,OCoLC,n,d
66813E05-B0BD-44B7-9B3F-03F9369C1404,037,b197981173,w818781341,OCoLC,n,d
44FD2326-63E0-4332-A89E-4FD9FFD785CC,037,b197981318,824752340,OCoLC,n,d
BABFA683-D5CC-4464-B8F2-1E498115B97C,037,b19798132x,w824760016,OCoLC,n,d
95738041-BB59-4D99-8457-700BB1534E89,037,b197981331,824761229,OCoLC,n,d
C2379BA3-4F03-44FC-9C15-D6D3DB1858B2,037,b197981343,824761246,OCoLC,n,d
C7DB2D99-1A77-4221-81B8-1FEE90FE6046,037,b197981355,824761329,OCoLC,n,d
2DE16270-BC0B-4B1B-AB40-82F48EDA5567,037,b197981367,824761336,OCoLC,n,d
E70D10A4-C661-4414-9378-33A47D7DEA9E,037,b197981379,824761346,OCoLC,n,d
D18A5CB8-3186-4CD3-A694-30889A52423F,037,b197981380,824761371,OCoLC,n,d
339ECFF7-671B-46A2-A308-7968D303CF12,037,b19798146x,827336125,OCoLC,n,d
9324318B-9199-44B4-B67F-C18DF5C5C538,037,b198034672,820139694,OCoLC,z,d
3913B38D-1657-4136-94AD-A696FD88D137,037,b198037429,820139456,OCoLC,z,d
8550F65B-88A0-4EA7-9C3C-BB04C73E7C90,037,b198091795,771016075,OCoLC,n,d
30138762-C322-48A7-AD4F-D89AB937DE5D,037,b198091849,793284261,OCoLC,n,d
3E338CBE-AF20-4971-AEBE-056246A4AAD3,037,b198091850,793819932,OCoLC,n,d
7900833A-FC5C-4A57-8F35-2BBD951510DD,037,b198091862,794113743,OCoLC,n,d
2851FFFB-FC81-4C85-ACFE-CE702A3B8F5C,037,b198091874,794113767,OCoLC,n,d
C4EBF749-5570-45A5-8EC2-643272B163F1,037,b198091886,794451118,OCoLC,n,d
87099A39-9406-41A8-A129-59A39B732B9D,037,b198091898,794503732,OCoLC,n,d
B56C3FB9-86FF-4EC6-B9F1-86CD8BE70726,037,b198091904,795741770,OCoLC,n,d
ED137600-CDA6-4053-BE42-66FFC4CB8B40,037,b198091916,801494594,OCoLC,n,d
4F2D6FEF-85DF-428D-9388-181336200DB2,037,b198091928,801692229,OCoLC,n,d
DDCAD5DE-CFDC-4B42-BB7C-3CDD4FFA658C,037,b19809193x,801693016,OCoLC,n,d
9190462A-E815-4676-876F-6F476EA2FDB1,037,b198091941,808376998,OCoLC,n,d
715A0738-0133-4013-9FC3-C62DF0F566A8,037,b198091953,809044679,OCoLC,n,d
7E8B909C-27F4-4565-A615-74124489FB5D,037,b198091965,809068454,OCoLC,n,d
654CF46D-3020-44CF-8A11-19125B1769C7,037,b198091989,w813044628,OCoLC,n,d
1D20C503-445D-41FF-8A89-862C55ED4794,037,b198092015,819339422,OCoLC,n,d
B7CEBA70-3256-4AC6-969C-5E33701409BE,037,b198237820,841481304,OCoLC,z,d
E02B7F00-7F05-48F1-8D4B-CD4843916F8B,037,b198332543,759581714,OCoLC,z,d
DB348D5E-AEC7-4BEE-A68F-18D9664E8E8B,037,b198332555,759582065,OCoLC,z,d
BCF482F1-09D4-491D-A87D-46CCA457B02E,037,b198333055,759581693,OCoLC,z,d
61B6DF95-390E-425D-91DC-A5B5D376BF49,037,b198333444,680277339,OCoLC,z,d
3E83CF92-36E5-4A28-A2FB-2B793E5DCC1E,037,b198782986,451276596,OCoLC,n,d
0A29F8D0-25AA-4B8E-8EEB-63C8F2C4DBD6,037,b198783085,461327322,OCoLC,n,d
917B50B2-E091-487C-9FCB-0ECD7E9A026D,037,b198784557,843943191,OCoLC,z,d
82B7B335-0DD2-42AD-B096-74E43FFA91C9,037,b198837380,852426355,OCoLC,z,d
3DEB681B-F32D-4B6D-89DE-48F26A55D1A9,037,b198911294,824700674,OCoLC,z,d
475DB907-E718-4AB1-AFD3-6E656669D801,037,b198922541,851565774,OCoLC,z,d
6120F10C-856E-49B1-8354-A2816F3803FC,037,b199426429,846575368,OCoLC,n,d
E6A09764-90DF-48F5-B435-F0A03DAC4B76,037,b199426478,852149349,OCoLC,n,d
4A883561-495D-456D-80D5-E81BA528A9F1,037,b19942651x,852416240,OCoLC,n,d
25AC2B55-3384-4AC6-AF0B-ABCB05CC566D,037,b199426533,852417206,OCoLC,n,d
56D761DF-05F1-4AF1-9388-08AC7FFFE04C,037,b199480072,810931510,OCoLC,n,d
4ED9D177-EC1D-4404-A8C4-8F6E631F399F,037,b199480096,841375689,OCoLC,n,d
D745C4A0-D875-4333-8DBE-FD33ED32234D,037,b199560353,856523393,OCoLC,z,d
99D9463A-2645-419E-B8F7-994FA51A7AC5,037,b199569332,368139888,OCoLC,n,d
12581D2A-545A-402F-91E5-7C96DE9C0613,037,b199569393,455486737,OCoLC,n,d
5B7F3004-76C9-4EB6-81DC-F10152FCE31D,037,b199569551,551073297,OCoLC,n,d
D512C2DA-FA1B-4ADC-843A-E5B2949E5BD1,037,b199569587,613211624,OCoLC,n,d
1555F592-EA07-4A66-8E8E-5830AB522D68,037,b199569617,650335995,OCoLC,n,d
1C5C2F13-4413-426B-9A14-EE9776E3483A,037,b199569873,748282818,OCoLC,n,d
57BB269D-E654-492C-B1DC-94CE0D5DA3AC,037,b199569885,748365749,OCoLC,n,d
EC89BC93-105C-4F5B-8757-22674E6E0B3F,037,b199569897,748555206,OCoLC,n,d
070D9320-858A-4DA9-AACD-4B47AC1B8093,037,b199569939,761323651,OCoLC,n,d
86975FF5-CD3C-4693-9AF8-14D6550F4A31,037,b199624379,852964152,OCoLC,n,d
C9C627DD-240C-4CF4-BBF9-6880FBFCEE9B,037,b199652119,793203047,OCoLC,z,d
4C1EE1D4-F884-409A-821F-1EC0BC06CC6E,037,b199652491,854846171,OCoLC,z,d
B33F4B74-7FD3-4C57-A263-35F3A67934CE,037,b199652508,854852261,OCoLC,z,d
88687ACF-0F5B-4201-A2EE-8F3C7209803C,037,b199734501,459772610,OCoLC,n,d
703F53B6-7C7F-42FF-881B-959954301B0C,037,b199734537,794672631,OCoLC,n,d
F850350C-8A41-4A6E-8C81-2ADEA455520E,037,b199814971,852416443,OCoLC,n,d
0913AEB3-9F8F-4006-9543-EE65EC7AD239,037,b199815057,852964109,OCoLC,n,d
3C9FF274-00FE-49F2-B47F-7F5D6733B6A1,037,b199815343,855045354,OCoLC,n,d
40622010-0F35-4B87-B53E-5462F2F52647,037,b199815367,855051678,OCoLC,n,d
D87F6C18-058C-4AA2-AB87-4933644FFA25,037,b199815410,855538155,OCoLC,n,d
5CBD347A-87FF-4C1E-9E4A-D0039F7DE053,037,b199815677,857544220,OCoLC,n,d
05366EC2-BE9A-4F7B-A7D7-DF04589A3CF6,037,b199816050,857792484,OCoLC,n,d
45448AE7-D70C-499A-AFB6-17B6965FA6BD,037,b199816062,857792529,OCoLC,n,d
6DA7BD26-E9D8-4C1F-8BFB-0AE31AF38518,037,b199816086,857851341,OCoLC,n,d
6CEC71C4-04EB-4773-B84C-E7F8B898AC65,037,b199816232,858448073,OCoLC,n,d
8243765E-C83F-4955-BA6A-78E5328DBC6D,037,b199817200,861694128,OCoLC,n,d
0A3B46D1-A6C6-4795-B428-5C6F08614183,037,b199817212,861694142,OCoLC,n,d
D58A40B9-68B1-4FE3-ACEF-ACF5045076BA,037,b199850549,858282453,OCoLC,n,d
4273EA28-26EB-4474-867A-BD3659969C23,037,b199850550,858283616,OCoLC,n,d
535428E2-A866-400A-A075-F4DAA453886D,037,b199850562,860780024,OCoLC,n,d
2A81863B-41E6-4B3D-B1F5-4F87107E44C0,037,b199894048,703871255,OCoLC,n,d
D6EE2392-6578-4D1B-936D-5935D4359670,037,b199894267,754851714,OCoLC,n,d
CD3CC445-4AA5-432D-BDBF-DA56DF9EF5AC,037,b199895648,w828743358,OCoLC,z,d
5F7E4356-EAD5-4E73-AAF1-A6414D9E4872,037,b199896252,756867939,OCoLC,z,d
050CC3A3-A205-4D6E-A5D8-D0B06E9904CD,037,b199896495,759581019,OCoLC,z,d
677FDD38-9FEA-496D-8E45-BC14F5C78EB4,037,b19989677x,690912195,OCoLC,z,d
2708693B-5F43-4910-9920-3E7AD4661677,037,b199897116,759580973,OCoLC,z,d
287D74A8-EB67-40AE-9350-6B016482F76A,037,b19989744x,759581023,OCoLC,z,d
1096AC09-982A-4FA7-8736-0087222AFF3A,037,b199897803,w797830534,OCoLC,z,d
C9010435-69C2-4604-AAB6-AB3D938D984E,037,b199898108,w809807976,OCoLC,z,d
873795F9-4CAD-4B96-9F52-C1C4303D03EC,037,b199898194,w851972434,OCoLC,z,d
5379E464-D334-450F-A477-64760270020C,037,b19995222x,858282754,OCoLC,n,d
40AD7121-8E30-4A1C-AE13-5D3B7BFA777C,037,b199952231,858282827,OCoLC,n,d
0BF9E0B4-2784-4F85-BB86-75F2774DB515,037,b199952243,858810684,OCoLC,n,d
68120E27-F057-43EB-9255-3007DE18027B,037,b199952255,860779512,OCoLC,n,d
49139504-D5F0-4C33-86BE-5F4FCF5387BF,037,b199952267,860986459,OCoLC,n,d
09670161-13DF-4FFF-B74A-D3FB3C446F91,037,b19995236x,857585460,OCoLC,n,d
87F923C7-C20A-4D94-B55F-C96884D42F98,037,b199952371,858283626,OCoLC,n,d
1290E545-ABBE-436D-A457-9CE32503074E,037,b199952449,855649318,OCoLC,n,d
6CE09512-43CC-4B2B-B149-91D699AFFAB8,037,b199953272,756867303,OCoLC,z,d
043CA2D7-C79F-473A-90C4-722C43AB8367,037,b199953338,w758696357,OCoLC,z,d
1B221128-FEED-459D-92C3-CB7770CCB02C,037,b199953442,769188988,OCoLC,z,d
36A861B2-410A-485D-8D3E-9331DDEDF278,037,b199953569,756867274,OCoLC,z,d
7B3EE248-4A5D-42D2-B3E4-278E5AD976B0,037,b199955487,861219588,OCoLC,z,d
235672DA-21FA-42AF-8393-AD145581EB05,037,b20000377x,864438397,OCoLC,z,d
E4FF1552-E37C-42A1-8798-49B331E78411,037,b200077855,865473596,OCoLC,z,d
9D9B853F-2214-48FF-BC73-22B82FB8A000,037,b200077983,865473675,OCoLC,z,d
EC0B764C-CBE0-4198-8848-6978A2090BD3,037,b200082930,793345510,OCoLC,z,d
C20D653C-48A8-4B4A-BC0A-366F30E400F0,037,b200090070,793231890,OCoLC,z,d
749B5E86-BBA2-4C78-ACEA-7E06A2355204,037,b200090860,841812962,OCoLC,z,d
BDE76150-8CF0-4B1A-9E84-C88913AD73E9,037,b20009533x,147996774,OCoLC,n,d
9FFAA7E4-9647-4BFD-B650-D81F9A0148F2,037,b200095882,711861573,OCoLC,n,d
78F7FA77-F8BE-49BA-8B8E-53968759DABD,037,b200095912,778903115,OCoLC,n,d
7B3C37C1-B51D-435C-B2B6-5F8977026CEE,037,b200095948,710823011,OCoLC,n,d
3DF340F0-B1D7-444C-9E4B-2322BDD66360,037,b200150868,858915218,OCoLC,n,d
05A46B2F-7E3A-4093-BC6D-21C90DCEB866,037,b20018099x,862067040,OCoLC,z,d
4B33D352-1253-4348-853B-2F8F8CDE56A1,037,b200215814,867143099,OCoLC,z,d
F1A9E240-D51A-4D2A-8830-4BA8216AAE70,037,b200218438,829025660,OCoLC,z,d
C3FF9BD5-05C8-4327-BD1F-18EF8A6D05B9,037,b200414227,759840923,OCoLC,z,d
E148B25F-CA21-4CC4-8B4A-EBD399230469,037,b200419523,811839207,OCoLC,n,d
FF0FE668-9E7E-4DB3-B603-DA6384A87BBE,037,b200555522,230936993,OCoLC,n,d
ED816F8E-C457-4F9F-B11E-96616EAC1D77,037,b200555698,230937689,OCoLC,n,d
84DEF326-6276-4430-8799-0DDEA2B08783,037,b200559448,870304538,OCoLC,z,d
2E8303A8-A488-4F37-A8AD-8E52743D99F0,037,b200606864,864681464,OCoLC,n,d
AC3A4268-D66A-422C-85B7-FB101D0544FA,037,b200610776,869542344,OCoLC,n,d
56A17AED-1A9A-4C84-8F43-BD7AE9F2E9A4,037,b200612992,844352227,OCoLC,n,d
635E18CA-67EB-4014-A1A0-74E6663716E1,037,b200613029,843767511,OCoLC,n,d
66267732-CE2D-4765-86EE-0401B883D892,037,b201370931,461032480,OCoLC,n,d
75ADE9FC-98F8-4BB9-A4A7-779FEFDC9D58,037,b201370967,489128996,OCoLC,n,d
7AF714AF-9E83-4A96-BA6B-EF0C9883E0EE,037,b20137125x,865104137,OCoLC,z,d
92D971FD-AC92-4310-A44C-C11DFD9936BD,037,b201371601,870486181,OCoLC,z,d
3EF9E46D-99B7-474D-AFF3-CEA52D10D0E4,037,b201554434,871536346,OCoLC,z,d
F7703F5D-215F-4050-BF16-FDA3E0C55B5E,037,b202094571,871536325,OCoLC,z,d
EDBF867C-3829-4726-AE0B-09E21276245F,037,b202220618,857775632,OCoLC,z,d
2D476CE8-5A49-434A-B4A4-91742BCBAE77,037,b202220710,878541805,OCoLC,z,d
7060385A-0826-489A-A724-321FFC931A0F,037,b202221453,878556730,OCoLC,z,d
5F21DD6B-0244-4B8E-BE6B-36E2CA4CDB5F,037,b202224740,707476967,OCoLC,z,d
96F750BA-915F-4F6B-8ECC-016B48645763,037,b202225331,878980998,OCoLC,z,d
B416C6E1-E6B3-40CB-B6F1-0536EC62A457,037,b202226505,878979177,OCoLC,z,d
9A03DF9B-2F6A-4C90-91CA-4B5C88D697B6,037,b202228101,878981618,OCoLC,z,d
E9438CB3-C338-45AE-9C71-F010D460E46E,037,b202228605,878979540,OCoLC,z,d
1010736B-037A-4536-8062-B8EF955C81C6,037,b202229737,878980694,OCoLC,z,d
C2D468A8-1075-4198-A41C-D54E39E66AEB,037,b202230016,878979227,OCoLC,z,d
8106E32C-657A-4747-BE35-E21E0801D9B6,037,b202230089,878538687,OCoLC,z,d
F1285E7A-4620-4302-83A6-C7153AC9EC85,037,b202230697,880428336,OCoLC,z,d
F00E4CDF-8709-4B16-A5EB-EF2E34DF094E,037,b202230703,863155126,OCoLC,z,d
6BD8BC8D-44EC-499A-A596-56282D39A3D7,037,b202230958,878979460,OCoLC,z,d
D1F7ABEF-50E0-48A1-81CE-298ADE40E8D9,037,b202231252,878980972,OCoLC,z,d
BF18B287-7512-46C2-AB8E-262C9E1FDEFF,037,b202231872,878979252,OCoLC,z,d
32A2CAF3-D115-4651-8F6D-2BC09CEA7EAF,037,b202231884,857727772,OCoLC,z,d
33D1F4EF-EACA-4CF1-9EDA-4BB654801FEF,037,b202232049,826638837,OCoLC,z,d
A48FDD63-80E5-4DCE-8BE3-27CA78F046FE,037,b202232062,878979345,OCoLC,z,d
A94EF90F-C54E-4371-9E50-00A4F26874F8,037,b202232761,878540557,OCoLC,z,d
3D77C44A-D09D-4A7A-8496-BDF43DEA8F32,037,b20223308x,798807987,OCoLC,z,d
59435737-4FF4-4990-9C7A-7E691D1AE47B,037,b202233601,851758070,OCoLC,z,d
7DADBA62-FFEE-41D5-B6A4-8387883F7903,037,b202233844,878830613,OCoLC,z,d
56E185D2-C6B7-4EA5-8B4D-568ECBB79571,037,b202234186,863155049,OCoLC,z,d
B55040FF-A0CA-415B-96C8-87997A032DD2,037,b202235762,863154979,OCoLC,z,d
EC0A7481-A0C8-4A91-B40A-198CCFECB61A,037,b202235968,863154918,OCoLC,z,d
81163042-4E1B-4C17-BB0F-A4F217073BB2,037,b202236286,878979355,OCoLC,z,d
CB8424FB-E007-4786-9C83-6591407BCAA2,037,b202236407,878978138,OCoLC,z,d
DA88C178-D6AF-43D1-925A-A98C5EEA01D5,037,b202238921,878979822,OCoLC,z,d
A8D7A0F5-E231-4172-81EE-CB4B09A6C304,037,b202238994,707636264,OCoLC,z,d
1086792B-0F7F-4E10-B704-2DD5A660FCF4,037,b202239408,868710740,OCoLC,z,d
1E06B40A-930F-43FA-BA3A-ABE8E527E9AA,037,b202239895,878981569,OCoLC,z,d
DB24D186-CD1C-40D9-A8E7-CE911644BA21,037,b202240319,878542123,OCoLC,z,d
79EBA568-1631-4791-819E-6601305D7AD9,037,b202241865,846866470,OCoLC,z,d
A74AAA7C-3136-4E0F-911A-5FFDA824E852,037,b202243904,878979235,OCoLC,z,d
6F273C35-CC31-4B58-85E7-5AFA35D8DA06,037,b202243990,707397730,OCoLC,z,d
8641DD5D-7EF8-47DD-A7C1-B01077ED7D45,037,b202247909,880426598,OCoLC,z,d
ECBC3814-DE49-42CD-A03E-F82A5C023958,037,b20229321x,879612045,OCoLC,z,d
9CEB43A0-32DF-4EB5-8BA9-DBBE54C68122,037,b202370197,883196194,OCoLC,z,d
8FD8086D-33ED-4C8F-B5E1-6E2AF8DB1D51,037,b202371451,880567172,OCoLC,z,d
C1E377A3-5589-4324-B3D9-2998DD9B69F3,037,b202372480,869009778,OCoLC,z,d
B59D5465-986D-4E28-A1DD-6E5991C91986,037,b202372558,870730023,OCoLC,z,d
B75DD9B2-EFDA-4547-A9B3-AC7F230705A5,037,b202372662,868663124,OCoLC,z,d
C97EEAD6-39E1-4C4F-9583-209CA08AD9D8,037,b20237287x,868663123,OCoLC,z,d
DEF2398A-F2AC-42A1-9E05-5AB57CA11DF8,037,b202373071,870868334,OCoLC,z,d
45F2B186-3F60-42DD-ACA8-D08D137F3686,037,b202459974,748403093,OCoLC,z,d
7F62CBA3-F72D-4CBA-BD2C-4008A76F6A91,037,b202462031,846836866,OCoLC,z,d
20312B4E-51E0-45F1-8DE1-9B4D47B81E9D,037,b202467247,881814195,OCoLC,n,d
2FCEFAB4-9A7A-44F1-BA3E-10ED1C96B6C7,037,b202495188,883126601,OCoLC,z,d
A7123AFC-49DA-4225-BD8D-70FFF68DC569,037,b202607653,859200643,OCoLC,z,d
06AE3A6C-75D0-4BFD-9BC1-9B3234FCF455,037,b202607835,839435661,OCoLC,z,d
A2DDF0C8-7267-4C45-BA51-7C46C3651B82,037,b202608116,860901386,OCoLC,z,d
1E7CBD28-21E3-4EA1-99E8-36554DF61533,037,b202610019,856525080,OCoLC,z,d
67CC22C4-8625-4848-A79A-F30DD5E9C8E3,037,b202611243,680281488,OCoLC,z,d
2A99D842-685D-46AA-AD6D-B1A58466E109,037,b202611656,692219800,OCoLC,z,d
0DD4B614-4084-4F49-89BE-7CBFD3F47596,037,b202787205,843899463,OCoLC,n,d
7D99329C-291D-4833-B627-502B103B3A68,037,b202787369,830040642,OCoLC,n,d
71DB0D63-3CA6-4D1E-8373-4891ACBD2BB6,037,b202873225,w759836260,OCoLC,z,d
D622DE3A-102B-4246-9092-31AA5A857393,037,b202874539,773613102,OCoLC,z,d
1A0A5352-7762-4600-B660-1E708A5E98CE,037,b20288045x,862235395,OCoLC,n,d
0BC0714E-B348-4DA0-9F32-CF476BE2BDB6,037,b202902857,881020583,OCoLC,z,d
7F1FCB3D-3777-4DEA-8244-9615B993FBF9,037,b203001576,880894726,OCoLC,z,d
EE470211-47C8-4107-99B6-E47473DF82EE,037,b20300274x,867573539,OCoLC,z,d
5C9947F8-1A6C-4B35-BF98-569692FE36FC,037,b203110742,887269949,OCoLC,z,d
7BD4018C-E722-4082-92DE-4011BC563151,037,b203110821,857727442,OCoLC,z,d
682DBCAD-64BD-4676-9C0D-D0D589C2F997,037,b203111989,891378538,OCoLC,z,d
6798EA24-2DDB-4EEE-8E44-467E3C216EC2,037,b203113536,862109387,OCoLC,z,d
317D4357-C418-4B0B-99A8-A999C6F7E665,037,b203114681,819638941,OCoLC,z,d
1AE29A55-A2E4-4708-A0B8-23A2C09CA809,037,b203116720,857775708,OCoLC,z,d
BE6E944B-4595-4EB9-969E-27C5570A13F3,037,b203117918,891379167,OCoLC,z,d
24DF70B1-F308-4260-BC62-C4C7A6B97114,037,b203121727,883386468,OCoLC,z,d
0E048824-A335-4266-A790-E9F26941FF5D,037,b203122793,869013955,OCoLC,z,d
E1D0A807-3482-4150-9463-990182182A78,037,b203188640,891813100,OCoLC,z,d
9970DDF3-9170-4018-90C6-8111BB2F14F4,037,b203189103,891819983,OCoLC,z,d
C1002918-8B11-4832-93E3-F788105E1862,037,b204767908,883372361,OCoLC,z,d
91CDC192-AFF6-4DA5-BACF-975460B22C1F,037,b204770245,881284291,OCoLC,z,d
624EAE14-9207-4F61-8EDA-BDF6B4D0B10F,037,b204934801,890914609,OCoLC,z,d
A188E442-D451-4BFC-BCE0-EA572FAD4DA6,037,b204935702,895266772,OCoLC,z,d
8FE43112-1FE0-4CF5-BD61-6F13D841EEC9,037,b205016509,896878070,OCoLC,z,d
049934BD-6F5D-4638-B9F3-530BCEF6CA63,037,b205050256,890204264,OCoLC,n,d
4CDEC902-1819-40C0-96E5-CB4C697B8647,037,b205050785,893906918,OCoLC,n,d
55752A5B-27C4-481B-A0BB-7EAFE6D01736,037,b205050852,890404249,OCoLC,n,d
BC06ABEB-8EB3-433E-902C-271F068CDBCF,037,b205051820,894249006,OCoLC,n,d
BE460D30-FC31-4D84-9E88-7AD0FB8DE5B2,037,b205051832,894249000,OCoLC,n,d
DA9CF910-1F6C-4389-9B93-870A639F6138,037,b205052071,898190384,OCoLC,n,d
E729CAD2-6A08-4819-A3F4-6634DC614030,037,b205052228,890404536,OCoLC,n,d
5FB3D6D1-482F-4041-8539-8BBABA81ADA8,037,b20505416x,720013111,OCoLC,z,d
F9B10D91-349A-4DAD-BD7E-85D4186FBD05,037,b205055503,605251199,OCoLC,z,d
50C0325A-D4F7-46DE-97AD-DFED90197C7C,037,b205057287,123307652,OCoLC,z,d
611DFF15-7E7B-4E51-9D09-8414EFF76316,037,b205057615,835177462,OCoLC,z,d
6C9B6C5B-CE84-40C1-8DEF-71FE56F5B7B4,037,b205057913,690272414,OCoLC,z,d
7ABABE08-0B01-4177-ABDF-FDB7D0F711E9,037,b205058188,235391094,OCoLC,z,d
9E68FB18-845A-48A5-9AA1-253579904D4D,037,b205058991,213387310,OCoLC,z,d
A56FC112-DEC3-4E89-8E59-57A827BB038C,037,b205059144,84429513,OCoLC,z,d
AB72FB29-0C83-46DB-9083-23AFD8BBB346,037,b20505934x,83304122,OCoLC,z,d
93A3F6CF-F5CE-4A67-ACAA-5450191337C4,037,b205062799,710363091,OCoLC,z,d
D28E33E1-6BC9-4D5C-BD92-745FFD1E9CB9,037,b20506307x,779173614,OCoLC,z,d
8E842CAF-3661-4A36-9CF3-02785F5C3100,037,b205088442,891948841,OCoLC,n,d
0D2AC454-DBB9-44B3-B5DC-BBA0D0621295,037,b20523866x,892720879,OCoLC,n,d
4578B863-5D04-4711-8322-C1E807892129,037,b205267373,894042611,OCoLC,z,d
4D2347E7-221E-4B05-AD66-418E6893FA06,037,b205267695,897831021,OCoLC,z,d
BA0A9454-BB2C-47FF-99DC-065D8015E950,037,b205269187,898893233,OCoLC,z,d
98E0D49C-81CD-42C9-831B-E6143FD5B1EF,037,b205288595,891752143,OCoLC,z,d
942355A3-8ECA-43C7-9204-9FCD3CE11735,037,b205315008,896367077,OCoLC,z,d
1E0B2809-E723-43A1-B193-1CECC7F5962A,037,b20531529x,898986806,OCoLC,z,d
F0A4207C-048C-40D6-8C44-618001C6FD2F,037,b205316232,899489183,OCoLC,z,d
C9EF10EB-432F-40F5-9015-6422CFA71AEB,037,b205316839,900196503,OCoLC,z,d
D59165FB-920A-4749-9042-171374F1BCD5,037,b205321367,903128548,OCoLC,z,d
4C6BF1FB-7B7C-4497-869A-BA01B054AD8F,037,b205381996,901314539,OCoLC,z,d
5D5426F4-404B-4D0C-933D-FB276C43A11D,037,b205382046,900471164,OCoLC,z,d
A4BBD6FC-68AF-4DB1-A405-464ED7AED18E,037,b20538223x,902678418,OCoLC,z,d
589701FE-BFC2-4D1A-94C0-C9F0B3CBFD32,037,b205382800,902805909,OCoLC,z,d
97A2A4DB-842C-4A32-AF6E-29C378AA3506,037,b20541588x,832442517,OCoLC,n,d
2A410B3F-B73A-45EB-9464-EF9305F327A6,037,b205416457,880671902,OCoLC,z,d
56083985-D6CA-473C-810D-73EEF1AC0337,037,b20541686x,802176155,OCoLC,z,d
60A7ADFE-9BD1-4FD7-9382-2CAFFBF09708,037,b205419926,900467533,OCoLC,n,d
C8B16B7E-916C-41FF-A5F5-D1FEDEB7C3FB,037,b205511533,899705207,OCoLC,z,d
B2F8CDD9-1398-498D-9F75-44E03BA8A7CB,037,b205820827,298501487,OCoLC,z,d
5E850798-631B-4B3E-A8E3-68B71418F9CB,037,b205866037,900792208,OCoLC,z,d
3090C26A-BD7A-45B8-B22D-0711204BFA6E,037,b206027278,903118305,OCoLC,z,d
C102BA33-E41A-41EF-B12F-545299FFD4A9,037,b206027448,903693141,OCoLC,z,d
59B8C7CE-887B-4019-93C6-A21EF517052A,037,b206099083,906028793,OCoLC,z,d
CB6EB296-693A-4F71-873A-58A29B75FA91,037,b206100115,906840147,OCoLC,z,d
9EF634DC-FCB3-4476-B119-FDBEA7EF8AC4,037,b206137059,905655609,OCoLC,z,d
AA67A80B-64A9-4BF6-A0B9-47C2A3922C00,037,b20613843x,905544652,OCoLC,z,d
D1924BE0-6165-4548-B08A-FA71A17AF8EC,037,b206302630,907640986,OCoLC,z,d
12B0486B-1F86-456A-A78B-9FA01FA01069,037,b206302654,907677145,OCoLC,z,d
D96F4E82-F198-4837-93E8-4A3221714FA6,037,b206302800,907950924,OCoLC,z,d
1EC2ADF1-E96B-40C2-9B08-D97C3DB87150,037,b206302848,w907951678,OCoLC,z,d
48D5C157-A68F-4E02-8375-B88B027F75CA,037,b20630562x,894238044,OCoLC,z,d
AF8EB691-BAB6-4184-A2E1-A47410DE7866,037,b206305667,896874219,OCoLC,z,d
63A22506-9FE1-4BD7-97F2-8D533EAEDE37,037,b206305758,899489802,OCoLC,z,d
48D2AB8E-58A1-4550-A6B3-C9E04D885F97,037,b206305771,899512553,OCoLC,z,d
467978B6-A1E5-4BF2-B526-A0384D64316D,037,b206305783,899587166,OCoLC,z,d
13F0DC2D-DE72-4A3C-A706-5622706E9B3C,037,b206323517,907676944,OCoLC,z,d
4F4D2C68-6CEA-438D-8DDF-BF9BD1735654,037,b206323633,907677040,OCoLC,z,d
6025082B-7B2D-4023-BC7C-AE5507E8D50F,037,b206324182,908390827,OCoLC,z,d
E2390247-1F9D-4E70-811F-BCBAD56E3683,037,b206358805,907942556,OCoLC,z,d
3353E12F-94F6-4D5D-B5AE-1A6ADE1CB019,037,b206358921,909031963,OCoLC,z,d
16A11CA8-BF6E-4310-BDC2-99971EE95698,037,b206413877,894237665,OCoLC,z,d
D921C83E-0350-486B-A245-530FD0190672,037,b206413919,904441677,OCoLC,z,d
3EBAD6AB-EF45-43B5-99E8-EBFD19846B2E,037,b20641402x,909385042,OCoLC,z,d
A026645F-55C0-414B-8CF3-48A39C626713,037,b206425880,904439937,OCoLC,z,d
67EC8809-2707-4B67-9AAD-D0004828895E,037,b207397946,907678659,OCoLC,z,d
54DE1AE0-F160-46D1-8A57-FEEC8D1F0665,037,b207398409,861614910,OCoLC,z,d
5EE29E34-71B2-4D43-ACAC-19388FFF6D87,037,b207495002,76955612,OCoLC,z,d
425011E8-6220-456E-9650-382EEB2EA5B9,037,b207497059,70159281,OCoLC,n,d
BEBD4580-3F3C-4848-B805-111CC49671CD,037,b207600193,664571414,OCoLC,z,d
B23A6013-7632-4F8F-BE22-7D7EB46ECA5D,037,b207600314,841810865,OCoLC,z,d
DCE14114-CD1C-4A1C-9A61-5C78DF9B7EB9,037,b207601227,915591363,OCoLC,z,d
4275CF8E-019E-458F-AF5C-ADEC3194930B,037,b207602839,915596428,OCoLC,z,d
4AF102E7-0B09-4C92-BAF4-19DFF26EF9BC,037,b20765170x,496296003,OCoLC,z,d
A5CD2168-22B2-4C98-94A6-6B9DD90B3B5E,037,b207651826,606528625,OCoLC,z,d
6CB1BE7D-A267-4112-BF7E-C49A8CFA07AA,037,b207651899,608680160,OCoLC,z,d
F1783DBF-EA0F-458A-901B-1D889C5B96E8,037,b207652387,850185753,OCoLC,z,d
91354267-295B-4CB4-876E-2CCA8D6E1267,037,b207652557,869821179,OCoLC,z,d
52CDDFF5-9179-4BFF-A10E-7A7EB67AC3A6,037,b207652569,869821958,OCoLC,z,d
B7706C0E-192E-461A-B956-FFFB49E02BB1,037,b207652764,892059940,OCoLC,z,d
22DDBE6E-408E-4AAD-8D71-96BC5700564C,037,b207653379,915974545,OCoLC,z,d
81EBCA81-67C2-4849-970A-7743B9B102E9,037,b207655819,915998437,OCoLC,z,d
A99C7E14-DC7D-47FC-B81E-AAB0F2C91759,037,b207660797,916038043,OCoLC,z,d
01BE13CC-CFEE-4A8B-A147-9A4B4964176D,037,b207666003,916084134,OCoLC,z,d
7AA771A8-35EC-4252-8130-EAEEEDD8DBA0,037,b207666210,680285093,OCoLC,z,d
76FDDB83-AF8D-4C27-A355-2629AA4BD2BD,037,b207666301,794979863,OCoLC,z,d
DFB7FB36-BC08-4C48-A801-C0A43FE0528A,037,b207666350,867139232,OCoLC,z,d
C4917BF9-8169-4EEB-AF14-37F3922067CF,037,b207666374,883374108,OCoLC,z,d
8F8AD847-782B-4CF8-B578-BF21CC9F866C,037,b207666581,915593759,OCoLC,z,d
1A960ABD-A6F3-495E-B1C0-FC7945EE8477,037,b207675740,608335193,OCoLC,z,d
1E5ADB9D-21BD-48B1-904F-A3B438DB0337,037,b207675776,648337833,OCoLC,z,d
4D4ABE9C-3F35-4F55-9E8C-926D33789618,037,b207675818,715183945,OCoLC,z,d
F371CCC2-394D-44CE-BC6F-46E8DD29AABD,037,b207675983,841334078,OCoLC,z,d
0A3B325B-B599-4DAF-8C01-A5A6C1DF52C1,037,b207676057,859200972,OCoLC,z,d
D4F68514-037F-4308-9CC7-D4E630AAAADF,037,b20767615x,859325603,OCoLC,z,d
B7E556DB-D137-4006-8612-D9E4B897D53C,037,b207676173,859335404,OCoLC,z,d
D22E3FB6-0895-4402-BF15-7CC01BBC214B,037,b207676185,860833407,OCoLC,z,d
688EA15C-B9F5-4113-AD2F-42DE1F9B890A,037,b207676203,860833428,OCoLC,z,d
42FEE8F5-6C4D-4E3A-9530-B0BF258CB7D1,037,b207676239,861508699,OCoLC,z,d
F74B68EE-269A-4B32-83AA-4E3A9324A761,037,b207676288,868665713,OCoLC,z,d
1866C82B-862C-4775-9E47-A185D773C211,037,b207676306,869880346,OCoLC,z,d
08AF8B43-DDE0-48E9-8527-0905D8B71C3F,037,b207676318,869880369,OCoLC,z,d
DB14D155-4D01-4352-A39D-0674EB31882A,037,b20767632x,869880370,OCoLC,z,d
0322F6D9-5D55-45C7-94C0-6C60646D07F1,037,b207676355,870305132,OCoLC,z,d
9086FC9F-587E-4931-9CCC-AB028DA98C7C,037,b207676380,877090022,OCoLC,z,d
FFE66DED-F829-4B03-8EDE-964C219AB714,037,b207676446,881684119,OCoLC,z,d
FA5CBF8E-6081-434B-9BB1-062C8F1503BF,037,b207676471,883297878,OCoLC,z,d
E57D2609-3CED-4A05-83C5-BDFBB38A22D5,037,b207676628,900609441,OCoLC,z,d
46A4ED30-F920-4F88-9481-D9A788215AC8,037,b207676653,902679714,OCoLC,z,d
F5A28A95-90BB-4769-A428-2011AF94F37F,037,b207778243,915582263,OCoLC,z,d
02A882A0-461D-4CAE-9F91-DC3FF0655D44,037,b207802087,859200990,OCoLC,z,d
BD617C67-3834-49B3-AADB-58519CF4B987,037,b207824332,557034186,OCoLC,z,d
123065AE-E1DA-4372-B196-DE3DE0237D1A,037,b207824332,557034186,OCoLC,z,d
4B8C04C4-3D32-4557-9A3B-B3DFD8A1D7BC,037,b207824368,569111761,OCoLC,z,d
BBFAC075-1435-4405-B6C8-C2721F31090A,037,b20782440x,583217340,OCoLC,z,d
41FFB550-60B0-4118-BB5B-ADF50609C8E4,037,b207824459,606558691,OCoLC,z,d
51EA4E07-7CA6-4A78-B298-FAC8A90FC3D6,037,b207824587,607590687,OCoLC,z,d
748881BA-BB46-434B-9F9E-7CDD1398A48B,037,b207824691,609853906,OCoLC,z,d
B281F743-C019-4139-9210-179A6768E647,037,b207824708,609853943,OCoLC,z,d
E55439D5-3383-4A34-86B5-CAF39A07196D,037,b20782471x,609854308,OCoLC,z,d
21AE71A3-22EA-41EE-8C0B-603E6160ED80,037,b207824721,609859412,OCoLC,z,d
93E1BE51-6BC9-47A0-9F95-EBDE2976D2CA,037,b207824794,643638075,OCoLC,z,d
057A514B-4772-4E2E-89DB-E71E594D5AD0,037,b207824812,645725264,OCoLC,z,d
709C0A14-98C0-4BC0-A4DD-C5F827D45F23,037,b207824812,645725264,OCoLC,z,d
F784432B-FF2C-4B40-9E03-790B66C6F73F,037,b207824836,646843998,OCoLC,z,d
4994EBB6-3D64-4F93-A2CD-561ED5C18C01,037,b207824915,647201780,OCoLC,z,d
81207193-025B-4300-85B7-6C89FA26B9F9,037,b207824915,647201780,OCoLC,z,d
0F60831E-3D3D-4035-B645-7BCD1194EF18,037,b207824927,647533826,OCoLC,z,d
E1FD2EC1-E7A3-46B7-95B0-5FF1ED1CB8EC,037,b207825087,679376170,OCoLC,z,d
3806E97F-282D-4CD7-8170-AC9E944BEC59,037,b207825105,680283345,OCoLC,z,d
AE006F36-0313-4EE9-8DD1-89838EC17811,037,b207825178,681418158,OCoLC,z,d
DAAF0107-3E33-4A7D-9A65-25B5B4625B31,037,b207825191,682881529,OCoLC,z,d
37E870D8-6CAB-4203-8186-B6700F34EF08,037,b207825270,698212571,OCoLC,z,d
8DE29153-BAA6-4505-95EA-6162A696ADB8,037,b207825294,701109904,OCoLC,z,d
5EC9CFF3-4A27-408F-A0FA-A9763F4A1668,037,b207825361,714896646,OCoLC,z,d
17C2B727-6C5D-426C-853E-1DB13D4A9257,037,b207825397,720822782,OCoLC,z,d
20F00B17-2BEA-40CB-B394-83787C0CB114,037,b207825403,722473107,OCoLC,z,d
4B5F72C6-F59E-4F04-A79F-9EF7F1FF2ED9,037,b207825439,730151984,OCoLC,z,d
2A1960AF-F415-4EC5-9E79-0503DCFF3430,037,b207825452,745694928,OCoLC,z,d
A9CE1AA5-5907-46ED-9413-BC6C1DDF62E8,037,b207825452,745694928,OCoLC,z,d
7AF02A85-60DE-421E-A126-9964DE8A2B34,037,b207825464,745696008,OCoLC,z,d
67030BD9-A643-4ADF-BCE5-DA5DF0199F3A,037,b207825488,755236352,OCoLC,z,d
050B1574-5B11-48D4-B94F-4A5E35655750,037,b207825592,768430491,OCoLC,z,d
8A982512-8084-40A1-8A60-A2C6591CAC4C,037,b207825610,769664058,OCoLC,z,d
3CDEF549-A5C4-4A1E-9892-83240DDE535E,037,b207825622,769670526,OCoLC,z,d
A6170371-C856-44A3-9C8F-D05F01905619,037,b207825798,776994869,OCoLC,z,d
A87ABA02-5FE7-42DB-90EA-33A8E72C69B8,037,b207825865,793008843,OCoLC,z,d
4628A730-72E7-411A-AED6-D21362F52786,037,b207825890,793230068,OCoLC,z,d
CE30BD40-1443-4D34-8366-BF140B94AD17,037,b207825968,793231126,OCoLC,z,d
AAC9D5A6-4728-4668-8846-A8529D2EE2E8,037,b20782597x,793236196,OCoLC,z,d
9258D56B-B319-44F2-A17F-197068A1924A,037,b207826006,794980103,OCoLC,z,d
422FE832-878D-49D1-8C7C-2DB53FDC6D1D,037,b207826158,841333949,OCoLC,z,d
CC90F6AF-D238-4BC4-8441-35B64B1D21CD,037,b207826225,841333968,OCoLC,z,d
EF8FFC31-7B83-41B5-BBCD-1F56B510BDD9,037,b207826262,841333970,OCoLC,z,d
37B756FF-6D06-4387-AF4D-80A0AD8B5987,037,b207826419,841333991,OCoLC,z,d
4850DFC6-38CE-404D-A8B6-34D4D1760F5B,037,b207826481,841334000,OCoLC,z,d
1CD3B33D-1216-45EC-8A86-F3350999CD0C,037,b207826493,841334001,OCoLC,z,d
C88E2189-B5C4-4377-8EC8-5BB8B4C87A88,037,b207826663,841334027,OCoLC,z,d
0ACE5ABE-AB80-4927-B8F0-43E61CDD0A6E,037,b207826705,841334035,OCoLC,z,d
F510094B-4F4A-45F1-A5B9-65DAC2452EA7,037,b207826717,841334036,OCoLC,z,d
3F9E7899-F143-467F-9657-5DCFDB6F474C,037,b207826869,856983517,OCoLC,z,d
16F6F39A-D6A2-4B4C-8E75-2AA638010624,037,b207826870,857306427,OCoLC,z,d
076A5665-A09A-4B4A-B9D1-51E50C21BAE1,037,b20782700x,859200968,OCoLC,z,d
8CFEC8DD-7BA5-4CEA-A53D-E226C10768F4,037,b207827047,859200978,OCoLC,z,d
59057E4D-2FBB-4836-9DF8-C1F45AC832F5,037,b207827047,859200978,OCoLC,z,d
A7F1C5E7-0925-4078-82B0-21FB9FC89522,037,b207827060,859200986,OCoLC,z,d
D271E880-46FF-447A-95A0-06BBCF442216,037,b207827096,859200991,OCoLC,z,d
CF9FF16E-2546-42B6-907B-CF24EC9BFABE,037,b207827102,859200997,OCoLC,z,d
E6CC5A5E-29BB-440A-B85B-836F696A05A3,037,b207827138,859201024,OCoLC,z,d
4123D49F-D1B8-47C2-952C-99C62AB26059,037,b207827321,859324783,OCoLC,z,d
A263FD38-FC2F-45CF-BA28-5011E145E94F,037,b207827357,859324945,OCoLC,z,d
3F33A991-2DC6-40E7-9C8C-3A1208F81199,037,b207827382,859325024,OCoLC,z,d
AFB080BF-FAE3-4AEA-8DCE-3826EEEEF030,037,b207827400,859325132,OCoLC,z,d
C7D5E1A6-042D-4467-9B8D-D5E5702D7D76,037,b207827473,859325448,OCoLC,z,d
1056A4B9-9B33-443D-9B94-9645CED64EFB,037,b207827576,859672665,OCoLC,z,d
3C086794-B608-43F7-872F-14F27758B4E7,037,b20782762x,860770750,OCoLC,z,d
C1547E20-69FB-43F4-ADA8-EB9EFA8844ED,037,b207827667,860770797,OCoLC,z,d
8367FF30-B7B6-4AED-80D9-23DB65E88304,037,b207827679,860770798,OCoLC,z,d
09926592-FEF5-490F-99C1-C30EC4F8CB59,037,b207827692,860770801,OCoLC,z,d
EBE394B9-EDEC-4C7F-A918-EE01A0B43F20,037,b207827710,860770810,OCoLC,z,d
4661DE17-B710-40FD-8AD5-61AC3E13E6A1,037,b207827710,860770810,OCoLC,z,d
091AF15D-8300-4B1C-90C0-B7B3A0617DEB,037,b207827758,860833405,OCoLC,z,d
990532C8-3558-452B-A900-05B445A8862F,037,b20782776x,860833406,OCoLC,z,d
A276C027-5491-45FA-B3E6-1355A1B78ACD,037,b207827771,860833408,OCoLC,z,d
5474DB36-B7F5-40BF-8099-95F90384E485,037,b207827783,860833409,OCoLC,z,d
FFED9351-F3AF-4F42-A58C-803E232306D9,037,b207827801,860833414,OCoLC,z,d
39D630B8-7123-4789-AC8F-0F82418DC38F,037,b207827813,860833416,OCoLC,z,d
BB59642A-F0D7-4CE5-85B5-B1CAE4C7A3E6,037,b207827850,860833420,OCoLC,z,d
556D939D-0C5C-41A2-A72B-C1FE5E851116,037,b207827862,860833421,OCoLC,z,d
C32EEA12-53D7-408A-9BBE-FB677619587D,037,b207827874,860833424,OCoLC,z,d
E45D4396-C471-404C-87BF-FC72FE45D919,037,b207827886,860833426,OCoLC,z,d
1C23E838-C0E1-4F54-BF23-FBF067812096,037,b207827898,860833427,OCoLC,z,d
7B09D671-AC78-4CF0-8775-DC00E93C281A,037,b207827904,860833430,OCoLC,z,d
31EE9F16-8CE9-476F-BB4A-BC5A80D85D62,037,b207827916,860833434,OCoLC,z,d
87054934-F892-4F54-B7C4-DC27E8F5911F,037,b207827916,860833434,OCoLC,z,d
A920AD70-8F30-4A80-A12E-262C6B39345E,037,b207827928,860833437,OCoLC,z,d
51DB21C4-ADC5-43C6-B970-C830B3FF0377,037,b207827928,860833437,OCoLC,z,d
27E1C6BE-708F-480A-92AA-C5858A3239DC,037,b207827953,860833447,OCoLC,z,d
9E710233-B912-4EA6-B2CA-AA416B8F2870,037,b207827965,860833474,OCoLC,z,d
99425F28-11D2-453B-82FA-256278E5465B,037,b207827965,860833474,OCoLC,z,d
C7638D38-7A50-481A-8A11-C56834ECD329,037,b207828015,860902875,OCoLC,z,d
29BC62AF-5BC7-4F1B-AB5B-74054562ACFA,037,b207828040,861220020,OCoLC,z,d
76F06EC4-36AB-4A05-8672-E1D07B94A091,037,b207828052,861508216,OCoLC,z,d
A6BBFA17-783E-4A89-A228-55693661B45E,037,b207828064,861508238,OCoLC,z,d
9EF70C5C-1F9D-4ABB-B8B8-9FD0AD9848BE,037,b20782809x,861508416,OCoLC,z,d
D7E6E089-8C46-4B99-916F-91ED2E9C25C0,037,b207828118,861508433,OCoLC,z,d
84D31FC8-CE64-4615-871D-14EED8B4700A,037,b207828234,861508681,OCoLC,z,d
98435FE1-CC10-4D6F-85F1-F086D37AF811,037,b207828258,861508707,OCoLC,z,d
7523BDEC-2751-407E-B60A-F7FA11CDB846,037,b207828271,861508712,OCoLC,z,d
B4CD8FAF-ACFB-4E42-8573-BDE3225D7F4B,037,b207828313,861508765,OCoLC,z,d
58DF924C-78C6-4F0D-BC36-B02AB6E12C60,037,b207828386,861508934,OCoLC,z,d
E58E7C13-3718-4BF6-A2C5-DCF2799B4CAE,037,b207828404,861508988,OCoLC,z,d
3E446726-E974-43D0-A3A8-85ED422D0B89,037,b207828428,861509009,OCoLC,z,d
99F94618-EF78-4BA1-A3A9-69B6F44ADA77,037,b20782843x,861509010,OCoLC,z,d
BFC66681-709D-4737-83AB-052FB128CD9D,037,b207828441,861509013,OCoLC,z,d
AA881F7D-11FF-44F4-A2A3-CC950EE0F9C0,037,b207828465,861509049,OCoLC,z,d
CB28408D-18FA-4C03-BBCF-D78835233A42,037,b207828477,861509054,OCoLC,z,d
707A5421-8AB8-459A-8AFD-139F9CCCDE3C,037,b207828490,861509089,OCoLC,z,d
4D16A031-82AE-40A1-9593-5FBC0678B8FA,037,b207828507,861509114,OCoLC,z,d
EFAF3EB9-B017-4F3F-B102-4078CBFC7611,037,b207828544,861509209,OCoLC,z,d
5453C57D-FF72-4807-8282-2437B4604BBF,037,b20782860x,861509442,OCoLC,z,d
E60CE17E-A38A-4BBB-8726-A493BE47C70C,037,b20782860x,861509442,OCoLC,z,d
5E965C1A-75A8-4C44-9533-7CBB6EFB22FF,037,b207828635,861707562,OCoLC,z,d
8889A321-A0F1-4EB5-8D23-30D8850E4B75,037,b207828647,861787230,OCoLC,z,d
8464E580-A63B-4443-8D66-F1719AE769E8,037,b207828672,863152345,OCoLC,z,d
A5A36898-87B9-4BA5-A532-6AB7B8CDB3BC,037,b207828714,865580018,OCoLC,z,d
9D76E5E4-0584-44AB-AF05-02050512EB85,037,b207828751,867135663,OCoLC,z,d
10065E4B-E604-4E27-BB9D-660297F66CCC,037,b207828763,867135679,OCoLC,z,d
260DDC65-F0A7-4C5C-AA01-0660F68B4780,037,b207828763,867135679,OCoLC,z,d
0C0963D0-BE02-4DDF-AA92-41A7E2A56E84,037,b207828817,867139177,OCoLC,z,d
158AA137-AA61-4A50-B45B-130D7D94D55A,037,b207828829,867139220,OCoLC,z,d
4CE50E68-040B-4145-B8A7-995D2A10421A,037,b207828854,867139294,OCoLC,z,d
846478FA-8929-40EA-B2A3-45CD64629851,037,b207828866,867139295,OCoLC,z,d
D8D1F3F6-C5D5-4E16-BDC2-432B7C9E7B6A,037,b20782888x,867139363,OCoLC,z,d
5D111E3E-6F05-4829-8B46-FAA161956FAC,037,b207828891,867139395,OCoLC,z,d
9D50A1B4-0B9C-42A1-9F63-15608564BA0F,037,b207828908,867139397,OCoLC,z,d
6B37177D-EC90-44B4-92F7-48797917CE46,037,b20782891x,867139521,OCoLC,z,d
6A28C1AD-8938-4934-B741-F54F39E9D6B6,037,b207828957,868026531,OCoLC,z,d
784F614F-4380-4B17-A672-0FA71C574430,037,b207829044,871069543,OCoLC,z,d
848ACDA4-FCE1-41D1-93FF-9649A1D917D3,037,b207829068,871201522,OCoLC,z,d
13539486-0902-466C-96C5-B0B7F64CDE58,037,b20782910x,873818998,OCoLC,z,d
74C11BD8-1932-4F74-BB02-E28EB0CB4314,037,b207829123,875273495,OCoLC,z,d
08B0C769-B47B-407B-B13F-C0156B859364,037,b207829123,875273495,OCoLC,z,d
33ACDE57-64ED-43DC-8694-37ED1D337B8F,037,b207829214,881279353,OCoLC,z,d
060CB920-89DE-4A0E-A67D-8E3D711C9E33,037,b207829275,881684218,OCoLC,z,d
091B49A9-B99D-4B31-87A1-53D4B5FA1F7C,037,b207829299,881684220,OCoLC,z,d
8BD99341-1731-4C03-B4E9-D0831837E814,037,b207829317,882258218,OCoLC,z,d
294B4BC5-2F0A-4F96-92E1-70482811E56A,037,b207829329,882258908,OCoLC,z,d
25A5B837-364E-4A15-90A8-B60948332D80,037,b207829469,887271956,OCoLC,z,d
079123E6-38FE-4907-86D4-B1A90146E86C,037,b207829627,900197590,OCoLC,z,d
6CA5B00D-2876-4376-9E55-9AD430E670AA,037,b207829779,901193741,OCoLC,z,d
12140B6B-98B8-4BA4-AB8C-8A14FFAB56AC,037,b207829810,902679700,OCoLC,z,d
BB6A3288-C484-40D6-92C7-874B7C35D169,037,b207829986,906980098,OCoLC,z,d
528C5806-9A26-4E2B-8D90-0BE3E0423CEE,037,b207829986,906980098,OCoLC,z,d
C403376E-6472-4660-B9B1-A19CEC6B6808,037,b207829998,907291714,OCoLC,z,d
F3304536-3C07-4A3B-8DAD-EDE4317395B8,037,b207830678,918285247,OCoLC,z,d
2995D009-9F94-4A24-9E91-F117F4D8657D,037,b207831804,918296134,OCoLC,z,d
72552CD8-86A2-42F5-8C58-ECBF37AD60FE,037,b20783216x,918299273,OCoLC,z,d
B1FD4388-7464-4F49-8E17-00058C500CC4,037,b207832274,918300253,OCoLC,z,d
A83CB29D-D695-44BF-80C7-90A7EE20C9A5,037,b207832304,918300494,OCoLC,z,d
A9BB6C7B-C8A1-457E-9F80-049C95899AD5,037,b207832626,918304078,OCoLC,z,d
FB6CA9FB-9576-47FD-ACCD-40A7A53240AC,037,b207832821,918305806,OCoLC,z,d
CB99074B-3B0D-4F23-A96A-DADD0A930445,037,b20783295x,918306799,OCoLC,z,d
DC64B6B9-7A52-441B-B8DF-4921F10FA8F7,037,b207834076,918315366,OCoLC,z,d
A951100C-02BE-409A-B3A9-DD63115FBBB4,037,b207834337,918317407,OCoLC,z,d
04DE0F7E-6E60-4DCF-9FE1-632FBC9FDCB2,037,b207835044,918324262,OCoLC,z,d
83468B3B-4004-4658-AF8D-931F2445A6D8,037,b207835639,918329251,OCoLC,z,d
3D494396-2F2E-4332-A6C7-D2BE96C2B0D3,037,b207836231,918334217,OCoLC,z,d
D78CC20D-6C42-4B6A-99AE-9AFE324FC3A0,037,b207841305,918987682,OCoLC,z,d
52428500-C3D3-4A61-9CC2-ED16A4980AD2,037,b207849973,913742416,OCoLC,z,d
C6E63DA9-D527-4BB3-9A3F-4E4F3AF466DE,037,b207859899,228149914,OCoLC,z,d
CF39B641-7A56-480B-B9DA-0817E76753EB,037,b207859978,230320181,OCoLC,z,d
8F624A00-3A75-4D6D-BBB2-FA0054E8D9A1,037,b207860336,243608018,OCoLC,z,d
5A25E018-74CD-4C6B-825D-995D394FBCD0,037,b20786049x,262714916,OCoLC,z,d
3FB6C40E-8CFE-460A-94D4-26B52A0975A4,037,b207861377,457903853,OCoLC,z,d
5AE0FB33-EE15-489E-917E-6F99B548C90E,037,b207861407,466108797,OCoLC,z,d
57AC3CB5-D5BA-4CF7-9BF7-8EBECF65FC35,037,b207861754,521080511,OCoLC,z,d
76A4A88A-C084-4D0D-B0E2-88CD71397C94,037,b207862618,680277646,OCoLC,z,d
CBC84339-2CA0-4AC6-8AC4-C0C61807E63D,037,b207863362,700513933,OCoLC,z,d
1C928159-3B7F-4C30-842B-4F550036D067,037,b207863519,704762652,OCoLC,z,d
B848AF7E-9DE2-415C-BF1A-74C0BC086CE5,037,b207863969,730953651,OCoLC,z,d
661C307E-C4DD-4820-8DD7-CB96D2E584F6,037,b20786407x,740923181,OCoLC,z,d
D3C34BA4-6240-42EE-98CA-C018E673FE04,037,b207864706,768776809,OCoLC,z,d
7C8466FE-8A56-4D75-AB6A-64A41CE08452,037,b20786567x,792739160,OCoLC,z,d
38C3020D-C2EF-460C-8C0D-4A68B7633BB0,037,b20786584x,793728160,OCoLC,z,d
54904386-FEB0-4660-910E-F048B002956B,037,b207866247,797982520,OCoLC,z,d
295FF991-4CA5-4C14-B353-2929BC2863B4,037,b20786648x,803370083,OCoLC,z,d
3F2EC0C9-6253-41C1-9859-42762A165F8D,037,b207867057,815774268,OCoLC,z,d
CF013D48-C53D-41E7-9E2E-98B67949EA82,037,b207867422,823520691,OCoLC,z,d
EC62427B-F095-4AF4-9215-F31AD64DF8E1,037,b207867471,824362496,OCoLC,z,d
42273D72-675C-43C0-A9CE-0590471FBBFB,037,b20786780x,827002909,OCoLC,z,d
56938F0E-9CA4-48A6-B514-DD8622214F2F,037,b207868335,837597303,OCoLC,z,d
93EDB922-1F18-4818-9349-8C43FA4F72E6,037,b207868372,838587947,OCoLC,z,d
928B7839-B19E-423B-B37F-3DE1143B8545,037,b207869819,870325388,OCoLC,z,d
A40A93E9-9D0F-407E-B404-1D02291C5F5F,037,b207869844,871069842,OCoLC,z,d
E8D6D152-4037-4CC5-BD46-88490FC1509D,037,b207870366,880352896,OCoLC,z,d
6CF57EEA-65C1-40DC-BB77-C1D3E2DB0463,037,b207870615,883312020,OCoLC,z,d
2172325B-9C81-4D4F-A5DA-D6C0CD74F0C7,037,b207871139,892117027,OCoLC,z,d
84118CEE-74D8-44D1-97CE-00E44CD80342,037,b207871139,892117027,OCoLC,z,d
A72F96A2-14F9-44A8-9E64-32085AF5CEB9,037,b207871590,897465345,OCoLC,z,d
FBCF911F-8DAE-44BD-9788-19F0D3E87071,037,b207873434,908108403,OCoLC,z,d
C33E6710-3B62-43FA-89B0-40A8AE065EB9,037,b207874074,910555382,OCoLC,z,d
E2B285B2-264A-406D-B445-4327DF3370F4,037,b207874372,910879290,OCoLC,z,d
CC6D2CE5-8FFB-475F-A124-9900A109A1F5,037,b207921568,863761934,OCoLC,z,d
91BD09C8-3804-48A1-8F14-EF8D1BFB953C,037,b207921726,919498477,OCoLC,z,d
AB2CFF14-4299-490D-B4EE-11A4A790625D,037,b207962364,913955950,OCoLC,z,d
60EF0C23-EE47-4A8D-BF72-8A63F9C242A2,037,b207962844,918279756,OCoLC,z,d
C30328B2-AC9F-4F68-B881-72F9CC3C61B4,037,b207962881,646882591,OCoLC,z,d
B4BAD4F2-3AAA-4930-ABD3-B014577CAAD4,037,b207962959,918302387,OCoLC,z,d
B7315650-4138-4AB1-AD0E-92DB777DE596,037,b207963149,918322766,OCoLC,z,d
BCC0900F-556C-41AF-B383-B46FD95191DE,037,b207963575,914301833,OCoLC,z,d
39BAD67B-F381-41A7-A621-D2300341D217,037,b207964348,918986020,OCoLC,z,d
D5C091CC-0A50-426D-87D9-B325E5291AA7,037,b207976314,915746162,OCoLC,z,d
B4208D37-B717-4CA2-8AFD-056D71BF54D0,037,b207976375,915746732,OCoLC,z,d
262500AA-5590-46EC-9949-FDCBCCDC6BCB,037,b207976466,918997775,OCoLC,z,d
2EB3515A-BEC2-45AB-9695-F82BB510DA83,037,b20803187x,919727297,OCoLC,z,d
0E328B0F-C696-4647-AD54-34C7E41F7F6E,037,b208032782,605183289,OCoLC,z,d
E90FAC69-4C05-4747-AAC4-3F1B78D43E0C,037,b208056932,436258983,OCoLC,z,d
1C908447-F4A9-4B39-93B1-3F0F7E245732,037,b208057092,793345152,OCoLC,z,d
555FAC1F-0A98-460D-83AD-C0E7CBFB20B6,037,b208057109,793385582,OCoLC,z,d
24713D31-6046-42B1-A596-2CADFC91AC89,037,b208066871,921392305,OCoLC,z,d
B8475899-1354-4916-92E6-371EBFCA6977,037,b20811175x,919338996,OCoLC,z,d
E04CA444-100B-4175-BD3F-5B27DF99AA08,037,b208164649,863746245,OCoLC,z,d
202274FF-0BEE-4BB8-87AC-E4DC21949D92,037,b208235498,905346368,OCoLC,z,d
1FC5121F-D352-4B3C-9BA6-8F19A2F41249,037,b208269848,921996716,OCoLC,z,d
CB78462D-137B-4F46-8B58-4BDE83FFD76D,037,b208274844,466407355,OCoLC,z,d
E9FCD4D3-77B7-44FE-87E0-91F1A1677EA4,037,b208275149,918557187,OCoLC,z,d
112BAE68-102B-4573-A447-6D499076F56F,037,b20827618x,921994054,OCoLC,z,d
2F756E4F-280F-453C-9C13-4917633283E6,037,b208380243,925524712,OCoLC,z,d
383660CE-3B8E-443F-950B-C5EE973C6977,037,b208381004,927142871,OCoLC,z,d
FE4C2875-D5CB-47BC-BE60-7A8C111ABB7D,037,b208421671,605119546,OCoLC,z,d
E9E7F0B3-6EB7-45D9-87CF-FFE95E4CB330,037,b208421816,692512679,OCoLC,z,d
928813F9-2766-4D54-AB83-2925FC712159,037,b208422687,803370197,OCoLC,z,d
82FD8E5D-EEEC-44BB-AB49-B70DA8C5CE81,037,b208424428,918940839,OCoLC,z,d
39E4BEEF-6B5E-4A95-B8F1-8E6F9E11D4A4,037,b208427569,464490970,OCoLC,n,d
FA00432D-0ED4-47FC-A1FA-249C515A3CE3,037,b208450464,922643133,OCoLC,z,d
787532F7-3337-47AB-BCAB-8BEF51A1105B,037,b208450919,927411766,OCoLC,z,d
6495AB66-80DE-4443-A11A-E857743DAC09,037,b208509343,928762899,OCoLC,z,d
6D4FBA5F-CDEC-458F-8B2C-8A405F60A2BE,037,b208600310,680282176,OCoLC,z,d
CECE07FA-1703-4F00-ADE9-9AAE77FFAA75,037,b208600887,792860170,OCoLC,z,d
0DDB1C62-DCC7-4D20-B2A1-ADA53EC8B245,037,b208601557,436233702,OCoLC,z,d
B8AFBB87-4B37-4AEE-9A47-F5C84E7FED3C,037,b208601892,878919494,OCoLC,z,d
4A286C50-A96B-4290-A08C-20925F36F3EF,037,b208602781,922006328,OCoLC,z,d
31B238A9-47D7-46E1-A695-3DFAB1E90191,037,b208602859,926940531,OCoLC,z,d
E38F3847-70E4-4A60-81E2-F04A267BBC35,037,b208603438,922694172,OCoLC,z,d
80719401-72A3-4902-960B-841E2CB73BBC,037,b208632281,903423217,OCoLC,z,d
748FB9F7-1CD2-4253-A015-A663D8641786,037,b208640575,922932971,OCoLC,z,d
996456BC-BA0E-40CD-AF91-0C90A66A032B,037,b20867147x,191953455,OCoLC,z,d
7917731A-C7D9-4143-9F30-9EE02B277275,037,b20867312x,894580126,OCoLC,z,d
887E9100-773D-4A8A-8574-D27C57885C6F,037,b208794761,930802410,OCoLC,z,d
1962EB19-1BD9-43AE-A72C-4C17537B3E2F,037,b208796629,803366940,OCoLC,z,d
77826D33-1D68-4E1B-8793-EC968B42460A,037,b208796642,803383445,OCoLC,z,d
1B219360-9AE6-406C-8774-E9C9BB39780E,037,b208796691,808129016,OCoLC,z,d
0A4B92F5-534A-47BA-85C0-F9A34E322538,037,b208798183,910555694,OCoLC,z,d
4F8EDCAA-C4BD-415B-9F99-C33F73FDCB52,037,b208834977,933526270,OCoLC,z,d
F66662FB-443B-4E1F-8213-91B285CA30E5,037,b208835258,933525653,OCoLC,z,d
57A2C266-0CBC-4C05-8071-9DEFD672A774,037,b208835301,935213138,OCoLC,z,d
0C78BA59-99C1-436C-9823-5BDDA0A5384B,037,b208835362,935213148,OCoLC,z,d
0544656F-42C1-41A8-B0C1-2ADA03F32B0C,037,b208861270,930278100,OCoLC,z,d
AA0CFE19-94FC-4CB0-87A7-C74BB0318A33,037,b208861415,933525486,OCoLC,z,d
4E6AAC93-39BF-411C-88E7-43EBBA7FE47A,037,b20886149x,933733163,OCoLC,z,d
260C5D1F-23CC-4975-863F-2793B8F3C882,037,b208861853,181733214,OCoLC,z,d
00D13981-7219-4863-8831-40AE043F22E0,037,b208862055,436725096,OCoLC,z,d
01927E6D-C8CD-483E-9BF9-14C6B95CC1AA,037,b208863758,862057407,OCoLC,z,d
4C5D29D2-54F6-4C75-8D65-85C4E9001C0E,037,b208864398,914904655,OCoLC,z,d
50ABCB44-68E2-400D-9B3F-1B7DA6F727CD,037,b20886474x,932507698,OCoLC,z,d
34F8DC4D-D8DA-4B0D-9D9E-B409046C8153,037,b208929198,436215340,OCoLC,z,d
396F1D9F-8474-4096-988E-6C2A41969941,037,b208929228,436787425,OCoLC,z,d
E6F7FDE7-D10D-4658-AF02-36D107AB6D11,037,b208930413,790400449,OCoLC,z,d
D1A7D047-0904-4ACA-91F2-3D5666DAD4E9,037,b208931272,883313295,OCoLC,z,d
88E7DE66-8840-4286-9833-F8D554AE8AEB,037,b208931284,883366939,OCoLC,z,d
6811E4D0-BCEE-424B-BC80-1E842764B079,037,b208932008,933731283,OCoLC,z,d
E8A28510-8731-42E8-A1BE-7D75EB902BBF,037,b209036734,936700852,OCoLC,z,d
33DF505D-BDFF-4040-A91F-41F30DE68B29,037,b209083815,907541923,OCoLC,z,d
A794EAAA-768C-4365-967D-3622777640F8,037,b209083827,907950913,OCoLC,z,d
5199ACF1-E717-4371-B6FC-4851F2C03DEF,037,b209083839,907950923,OCoLC,z,d
982119DB-B36F-41F0-9384-05B3F23EFD90,037,b209110909,930864699,OCoLC,z,d
D3C3D770-4FD0-41F7-9716-519D0AE1A124,037,b209145754,939521492,OCoLC,z,d
036C76A7-A53B-4893-8291-002212E098A8,037,b209145778,939521783,OCoLC,z,d
DFAFC38D-D773-4D50-B9D6-624F10CC1203,037,b209189514,922532114,OCoLC,z,d
30494F9B-5BB6-42DA-AF3F-29DE8F59ACA2,037,b209294334,463256454,OCoLC,z,d
9FE7DCE4-F146-4AE0-B920-D701E7294F0E,037,b209296008,792859890,OCoLC,z,d
D7912A51-54CE-4EC5-9565-C97CA38D83BE,037,b209298674,913098509,OCoLC,z,d
684D10B3-A167-42C2-A582-E8C065808EF7,037,b209301740,892114718,OCoLC,z,d
2759B798-CF0F-4B81-B096-5714523F7D58,037,b209304534,906030742,OCoLC,z,d
865B329F-29FF-4DB1-AE52-EC102BBFC3EB,037,b209305204,944506285,OCoLC,z,d
216B6768-D8B4-4687-B852-504841B0D587,037,b209305216,944506476,OCoLC,z,d
8B9B1431-F11F-43FC-BBCE-13FB05007C8D,037,b209405909,910879369,OCoLC,z,d
1CD69229-935A-4030-94A0-DA5CED589396,037,b209460799,930278811,OCoLC,z,d
6BCA3A7F-6C55-448B-AAFE-1C83873B516B,037,b209460829,945549451,OCoLC,z,d
A01A9996-52ED-4C34-B450-083409C4832A,037,b209566413,763154441,OCoLC,z,d
61AB29C5-F7B5-4B89-8112-18916E0F9722,037,b209566516,891789607,OCoLC,z,d
3928E4EF-EBA8-4673-8696-99E8A059987E,037,b209571615,782868405,OCoLC,z,d
0243A7AD-F6C5-46A6-9B7C-3CE4DBEC0064,037,b209657753,939524272,OCoLC,z,d
DE3A4813-1D45-4C05-B365-55460408AB59,037,b209687861,944506513,OCoLC,z,d
13C6A848-B682-4D13-9B6E-D10F352C0DC7,037,b210023429,948577379,OCoLC,z,d
9A32078D-331D-4E08-8244-614980032B8C,037,b210055674,909022890,OCoLC,z,d
9D874BCC-69CD-4044-AFC3-C6EB1966489F,037,b210055844,933580272,OCoLC,z,d
C0D75D69-518E-4790-940B-155E43CFBB84,037,b210058407,951021995,OCoLC,z,d
2D893CE9-4C77-4C72-926F-84163E31E54E,037,b210392794,933219156,OCoLC,z,d
42D4C15E-3A8E-445A-B09E-5520C9AAB9AE,037,b210392800,934806680,OCoLC,z,d
B790AFFB-341C-4B25-9DC1-200E7639D5B1,037,b210393634,568031809,OCoLC,z,d
EB01765A-5F37-4ABB-B478-7ABDF8063346,037,b210393671,898155622,OCoLC,z,d
1BFAFA8C-65DF-4B9F-8E10-ADD516E451B9,037,b210450137,949880410,OCoLC,z,d
C146C7D0-4E3F-4E38-8286-D772966EB996,037,b210491231,927395638,OCoLC,z,d
07337E97-8D77-4776-B82D-62FF62F586FC,037,b210495054,952026167,OCoLC,z,d
19F5A9A4-04E0-4C71-9CAC-B4F4B0BD2455,037,b210698366,950883500,OCoLC,z,d
F3178B4B-C111-4C8E-B3D3-F3B9133081B7,037,b210699073,952503051,OCoLC,z,d
E8C7A936-A24D-407C-9A55-6D4EBB95F338,037,b210768630,954463293,OCoLC,z,d
7B6257D3-DCF3-40E4-BAE6-EAFF0FB43310,037,b211196678,754222372,,z,d
2837B903-775F-4B43-9B88-2220C07AF29A,037,b211196939,780004574,,z,d
CEC701ED-09F6-4D00-AB3E-9B69344C9A3A,037,b211199503,951017078,,z,d
6F129974-9F48-4F62-8F5D-94308012F00A,037,b211199722,952579566,,z,d
227B6605-411A-446E-AB8A-232A96D974EF,037,b211242615,950460424,,z,d
90570127-2960-4CAA-845E-7AFFC3850B8B,037,b211298475,959879085,,z,d
8DB4BB1C-1684-4BA6-B0F7-5A34162C0EB9,037,b211321199,959879086,,z,d
5C716D96-815E-4A0F-809B-5BCF34CA7459,037,b211370022,962023484,,z,d
709E3921-D683-43B8-90C7-EAFC3335037F,037,b211443827,55116867,,z,d
34223DB4-D34C-435C-A4D2-9051046A30DC,037,b211444959,779477250,,z,d
8E0EBC0A-0DED-4C62-8B25-1942DB7160CC,037,b211449118,957167586,,z,d
E1A7EF11-43DA-43A6-B029-35D036BB440D,037,b21149737x,437011112,,z,d
EA6924E9-51A6-4F2E-9AFA-70CAD81E76D0,037,b211497939,670116734,,z,d
F6AAD230-3A0E-4C99-9DC5-17A6CB239EED,037,b211498294,715462215,,z,d
39ADF6B7-D5FF-46C6-B47F-5A1AEFEBE57C,037,b211503174,950883152,,z,d
05683CDC-4EDA-4914-A5C8-B71C2E50E2D1,037,b211505146,967726588,,z,d
10A69ADA-28A2-428B-AA58-5C7E3ABEAC3C,037,b211598148,863764446,,z,d
C118C0E0-82D7-42E8-8A26-7BF75D71774B,037,b211630548,950461359,,z,d
161611D1-601D-4790-8D0B-5F6CAF05C4AF,037,b211704611,967723393,,z,d
3E360BE3-04C1-48C2-BC15-7C6F04F26F5C,037,b21176260x,971129926,,z,d
340362FA-2BA4-4690-AAF1-859FC3D05A6D,037,b211935670,957167564,,z,d
7378165E-8F19-416A-A655-CC9442FF2C75,037,b212008122,967512347,,z,d
56561915-633D-4C24-BF56-2CC3B7B6D775,037,b21252401x,968782243,,z,d
87AE218A-8220-45E4-A965-FB01E7D0B49F,037,b212889576,968782195,,z,d
35BE1E25-3045-42F2-8344-FF6164E351E2,037,b212889606,968782250,,z,d
65B9DD8F-9D3B-458F-B48A-5B753CD6985A,037,b212922002,910965111,,z,d
01B29924-D865-4EE1-974D-4B0DE91051D2,037,b212925271,948670096,,z,d
5F256F8F-9A04-4C87-92CE-E41FD3CBF252,037,b212926147,951973744,,z,d
89C94B78-CB0F-4D34-BCDA-52AD34DA628A,037,b212927139,957589502,,z,d
7E13D105-163C-4C71-BB0B-F2B0B247C9A5,037,b213076007,939521755,,z,d
48A2E6B2-6A19-4A10-8440-AE309789E163,037,b213076019,939521761,,z,d
478AF50B-5D3D-4A13-B3B2-0EA5FC0FC807,037,b213076226,953026858,,z,d
5B76D512-CE60-4699-B7EF-5008B0362143,037,b213543199,967983009,,z,d
B312844C-B51D-4D82-8F75-DF218CA60854,037,b213608340,962023617,,z,d
EC4AEE9D-7C06-4D13-8ED7-DBEE98F2E639,037,b213608388,968782016,,z,d
5D27689D-C295-4853-B3D7-7479515E9B22,037,b215118376,853449574,,z,d
98B57546-B1AB-4D4E-B6A9-0541BFD6ECED,037,b21511842x,946105036,,z,d
2FE545C9-78EA-422A-B359-2ED160CEB9FB,037,b215118431,951464737,,z,d
7542024A-AD0E-407C-8142-8B41D3A26DCB,037,b215118443,953967287,,z,d
